{"type": "FeatureCollection", "features": [{"type": "Feature", "geometry": {"type": "Polygon", "coordinates": [[[-17.424789, 14.773385], [-17.424609, 14.773456], [-17.424605, 14.773463], [-17.422563, 14.774245], [-17.422563, 14.774248], [-17.421305, 14.774739], [-17.421305, 14.774742], [-17.419067, 14.775776], [-17.419067, 14.775776], [-17.419066, 14.775771], [-17.418581, 14.774601], [-17.418543, 14.774512], [-17.418156, 14.773636], [-17.418157, 14.773636], [-17.418157, 14.773636], [-17.417955, 14.773187], [-17.417393, 14.771938], [-17.417127, 14.771348], [-17.417049, 14.771175], [-17.418038, 14.770575], [-17.418041, 14.770575], [-17.41845, 14.770323], [-17.418475, 14.770308], [-17.418767, 14.770128], [-17.418772, 14.770125], [-17.418788, 14.770115], [-17.419264, 14.769819], [-17.419439, 14.769711], [-17.419444, 14.769707], [-17.420181, 14.76925], [-17.42031, 14.76917], [-17.420356, 14.769142], [-17.420868, 14.768838], [-17.420871, 14.768836], [-17.421426, 14.768506], [-17.421428, 14.768504], [-17.42145, 14.768492], [-17.422018, 14.768154], [-17.422052, 14.768133], [-17.422063, 14.768126], [-17.422112, 14.768096], [-17.42234, 14.767952], [-17.422342, 14.76795], [-17.422697, 14.767726], [-17.422702, 14.767723], [-17.422756, 14.767688], [-17.423279, 14.767358], [-17.423289, 14.767352], [-17.423748, 14.767075], [-17.424602, 14.76656], [-17.424642, 14.766528], [-17.424643, 14.766527], [-17.424643, 14.766526], [-17.425029, 14.766291], [-17.425584, 14.765953], [-17.42569, 14.765888], [-17.425743, 14.765856], [-17.425743, 14.765856], [-17.425745, 14.765856], [-17.42621, 14.765585], [-17.426258, 14.765556], [-17.426722, 14.765278], [-17.427014, 14.765081], [-17.42703, 14.765069], [-17.427107, 14.76501], [-17.427166, 14.764965], [-17.427295, 14.764867], [-17.427678, 14.764575], [-17.427735, 14.764532], [-17.428218, 14.764175], [-17.428224, 14.76417], [-17.428519, 14.763952], [-17.428548, 14.763929], [-17.42882, 14.763706], [-17.428899, 14.763641], [-17.428924, 14.76362], [-17.429029, 14.76354], [-17.429153, 14.763382], [-17.429772, 14.763255], [-17.42986, 14.763237], [-17.429892, 14.763231], [-17.429906, 14.763313], [-17.429975, 14.763303], [-17.431016, 14.763144], [-17.431067, 14.763136], [-17.431006, 14.762662], [-17.431003, 14.762635], [-17.431243, 14.762612], [-17.43123, 14.762529], [-17.431243, 14.762527], [-17.431243, 14.762527], [-17.431243, 14.762527], [-17.431245, 14.762497], [-17.431589, 14.762438], [-17.431954, 14.762376], [-17.431928, 14.762137], [-17.431927, 14.762137], [-17.431924, 14.76211], [-17.432016, 14.762093], [-17.43218, 14.762065], [-17.432179, 14.762063], [-17.432288, 14.762045], [-17.432484, 14.762013], [-17.432896, 14.761945], [-17.432898, 14.761953], [-17.433333, 14.76188], [-17.433728, 14.761815], [-17.433734, 14.761844], [-17.433803, 14.762173], [-17.433804, 14.76218], [-17.433903, 14.762666], [-17.433925, 14.762681], [-17.433876, 14.762771], [-17.43346, 14.763541], [-17.433497, 14.763623], [-17.4336, 14.763678], [-17.434072, 14.763927], [-17.434075, 14.763929], [-17.434127, 14.76396], [-17.434197, 14.764002], [-17.43483, 14.764384], [-17.43523, 14.764624], [-17.435304, 14.764669], [-17.435304, 14.764671], [-17.435304, 14.764672], [-17.435744, 14.764944], [-17.435747, 14.764962], [-17.435744, 14.764942], [-17.436335, 14.765307], [-17.436377, 14.765333], [-17.436382, 14.765336], [-17.436974, 14.765702], [-17.436975, 14.765703], [-17.437112, 14.765493], [-17.437141, 14.765449], [-17.43787, 14.764389], [-17.437885, 14.764366], [-17.437891, 14.76437], [-17.437903, 14.764373], [-17.438022, 14.764444], [-17.438284, 14.764513], [-17.438603, 14.76451], [-17.439147, 14.764418], [-17.439183, 14.764411], [-17.4392, 14.764407], [-17.439469, 14.76435], [-17.43949, 14.764346], [-17.440225, 14.764192], [-17.441162, 14.763995], [-17.441322, 14.763931], [-17.441423, 14.763912], [-17.441484, 14.7639], [-17.441718, 14.764842], [-17.441719, 14.764842], [-17.441719, 14.764842], [-17.441942, 14.765737], [-17.442343, 14.767407], [-17.442344, 14.767413], [-17.440422, 14.767894], [-17.440422, 14.767901], [-17.438014, 14.768683], [-17.438011, 14.768685], [-17.43639, 14.769172], [-17.43639, 14.769175], [-17.434578, 14.769717], [-17.433576, 14.770039], [-17.433577, 14.770042], [-17.432844, 14.770404], [-17.431684, 14.770977], [-17.427762, 14.772225], [-17.427762, 14.772224], [-17.424789, 14.773385]]]}, "properties": {"commune": "CAMBERENE", "key": "CAMBERENE", "population": 52420.0}}, {"type": "Feature", "geometry": {"type": "Polygon", "coordinates": [[[-17.442336, 14.76741], [-17.441942, 14.765737], [-17.441719, 14.764842], [-17.441484, 14.7639], [-17.441423, 14.763912], [-17.441322, 14.763931], [-17.441162, 14.763995], [-17.440225, 14.764192], [-17.43949, 14.764346], [-17.439469, 14.76435], [-17.4392, 14.764407], [-17.439183, 14.764411], [-17.439147, 14.764418], [-17.438603, 14.76451], [-17.438284, 14.764513], [-17.438022, 14.764444], [-17.437903, 14.764373], [-17.437891, 14.76437], [-17.437885, 14.764366], [-17.43787, 14.764389], [-17.437141, 14.765449], [-17.437112, 14.765493], [-17.436975, 14.765703], [-17.436974, 14.765702], [-17.436382, 14.765336], [-17.436377, 14.765333], [-17.436335, 14.765307], [-17.435744, 14.764942], [-17.435304, 14.764669], [-17.435263, 14.764644], [-17.435255, 14.764639], [-17.43523, 14.764624], [-17.43483, 14.764384], [-17.434197, 14.764002], [-17.434127, 14.76396], [-17.434075, 14.763929], [-17.434072, 14.763927], [-17.4336, 14.763678], [-17.433497, 14.763623], [-17.43346, 14.763541], [-17.433876, 14.762771], [-17.433925, 14.762681], [-17.433903, 14.762666], [-17.433804, 14.76218], [-17.433803, 14.762173], [-17.433734, 14.761844], [-17.433728, 14.761815], [-17.433333, 14.76188], [-17.432899, 14.761952], [-17.432898, 14.761953], [-17.432896, 14.761945], [-17.432484, 14.762013], [-17.432288, 14.762045], [-17.432179, 14.762063], [-17.43218, 14.762065], [-17.432016, 14.762093], [-17.431924, 14.76211], [-17.431927, 14.762137], [-17.431928, 14.762137], [-17.431954, 14.762376], [-17.431589, 14.762438], [-17.431245, 14.762497], [-17.431243, 14.762527], [-17.431243, 14.762527], [-17.43123, 14.762529], [-17.431243, 14.762612], [-17.431003, 14.762635], [-17.431006, 14.762662], [-17.431067, 14.763136], [-17.431016, 14.763144], [-17.429975, 14.763303], [-17.429906, 14.763313], [-17.429892, 14.763231], [-17.429845, 14.762938], [-17.429837, 14.76289], [-17.429722, 14.762175], [-17.429711, 14.762176], [-17.429692, 14.762068], [-17.429626, 14.761696], [-17.429552, 14.761274], [-17.429547, 14.761244], [-17.429526, 14.761131], [-17.429476, 14.76085], [-17.429473, 14.76083], [-17.429464, 14.76078], [-17.429404, 14.760445], [-17.42931, 14.759918], [-17.429302, 14.759873], [-17.4293, 14.759861], [-17.429284, 14.759774], [-17.429226, 14.759448], [-17.429158, 14.759068], [-17.429084, 14.758581], [-17.429032, 14.758235], [-17.428979, 14.757884], [-17.42897, 14.757829], [-17.428929, 14.757537], [-17.428895, 14.757291], [-17.428859, 14.757036], [-17.428847, 14.756951], [-17.428847, 14.75695], [-17.42884, 14.756886], [-17.428831, 14.756798], [-17.428814, 14.756636], [-17.43, 14.75599], [-17.430187, 14.755888], [-17.430243, 14.755853], [-17.431113, 14.75531], [-17.431414, 14.755122], [-17.432108, 14.754689], [-17.432454, 14.754473], [-17.432468, 14.754464], [-17.43358, 14.753781], [-17.434006, 14.75352], [-17.43428, 14.753351], [-17.434611, 14.753148], [-17.434715, 14.753084], [-17.435303, 14.752708], [-17.43541, 14.75264], [-17.43625, 14.752147], [-17.436442, 14.752035], [-17.436602, 14.75194], [-17.437063, 14.751716], [-17.437064, 14.751715], [-17.437208, 14.751651], [-17.437327, 14.751599], [-17.437689, 14.751446], [-17.437776, 14.751409], [-17.437985, 14.75132], [-17.438047, 14.751293], [-17.438091, 14.751279], [-17.438109, 14.751273], [-17.438793, 14.751049], [-17.439151, 14.75094], [-17.439609, 14.750799], [-17.439893, 14.750709], [-17.440319, 14.750565], [-17.44044, 14.750524], [-17.44096, 14.750348], [-17.4416, 14.750098], [-17.441607, 14.750095], [-17.442074, 14.749857], [-17.442462, 14.74966], [-17.442981, 14.74931], [-17.443015, 14.749284], [-17.443237, 14.749116], [-17.443289, 14.749076], [-17.443467, 14.748935], [-17.443615, 14.748811], [-17.443835, 14.74895], [-17.444088, 14.749063], [-17.444161, 14.749089], [-17.444719, 14.749289], [-17.445158, 14.749445], [-17.44542, 14.749521], [-17.445738, 14.749612], [-17.44601, 14.74969], [-17.446227, 14.749742], [-17.446239, 14.749744], [-17.446359, 14.749773], [-17.446556, 14.74982], [-17.446627, 14.749832], [-17.446786, 14.749858], [-17.446988, 14.749891], [-17.447006, 14.749894], [-17.447196, 14.749925], [-17.447205, 14.749926], [-17.447433, 14.749964], [-17.448239, 14.750118], [-17.44893, 14.750251], [-17.448939, 14.750252], [-17.448946, 14.750253], [-17.448964, 14.750199], [-17.449929, 14.750375], [-17.450136, 14.750414], [-17.450574, 14.750493], [-17.450697, 14.750515], [-17.450711, 14.750517], [-17.450959, 14.750565], [-17.450991, 14.750571], [-17.451052, 14.750583], [-17.451509, 14.750669], [-17.451718, 14.750719], [-17.451912, 14.750765], [-17.452136, 14.750845], [-17.452487, 14.750989], [-17.45312, 14.751249], [-17.453334, 14.751337], [-17.453337, 14.751338], [-17.453343, 14.751341], [-17.453387, 14.751359], [-17.453407, 14.751367], [-17.454278, 14.751875], [-17.454372, 14.75193], [-17.454712, 14.752129], [-17.45472, 14.752134], [-17.454842, 14.752211], [-17.454847, 14.752207], [-17.454856, 14.752212], [-17.454851, 14.752217], [-17.45484, 14.75223], [-17.454714, 14.752493], [-17.454452, 14.75308], [-17.454107, 14.753849], [-17.453975, 14.754143], [-17.453976, 14.754143], [-17.453958, 14.754183], [-17.453954, 14.754191], [-17.453922, 14.754264], [-17.453911, 14.754286], [-17.45385, 14.754423], [-17.453819, 14.754493], [-17.453772, 14.754597], [-17.453748, 14.754651], [-17.453668, 14.754831], [-17.453595, 14.754993], [-17.453539, 14.755119], [-17.45351, 14.75516], [-17.453478, 14.755207], [-17.453442, 14.755284], [-17.453397, 14.755382], [-17.453385, 14.755406], [-17.453341, 14.755502], [-17.453325, 14.755536], [-17.45327, 14.755654], [-17.453223, 14.755755], [-17.453209, 14.755785], [-17.453071, 14.756082], [-17.453036, 14.756065], [-17.453035, 14.756065], [-17.453071, 14.756082], [-17.453025, 14.75618], [-17.452909, 14.756429], [-17.452786, 14.756694], [-17.452697, 14.756884], [-17.452654, 14.756978], [-17.45262, 14.757051], [-17.452617, 14.757057], [-17.452383, 14.757559], [-17.451996, 14.758392], [-17.451992, 14.758399], [-17.451604, 14.759253], [-17.451598, 14.759267], [-17.451555, 14.759359], [-17.451415, 14.759665], [-17.451307, 14.759907], [-17.451279, 14.759968], [-17.45115, 14.760256], [-17.45108, 14.760412], [-17.451078, 14.760417], [-17.450826, 14.760965], [-17.450548, 14.761567], [-17.450484, 14.761706], [-17.450346, 14.762005], [-17.450327, 14.762043], [-17.450249, 14.762193], [-17.450082, 14.762519], [-17.449947, 14.76275], [-17.449705, 14.76309], [-17.449569, 14.76328], [-17.449375, 14.763488], [-17.449192, 14.763661], [-17.449171, 14.763681], [-17.449057, 14.763769], [-17.4491, 14.764067], [-17.449307, 14.765487], [-17.4492, 14.765508], [-17.449174, 14.765513], [-17.448682, 14.76564], [-17.448616, 14.765648], [-17.448572, 14.765706], [-17.448263, 14.765724], [-17.44805, 14.765805], [-17.447947, 14.765799], [-17.44769, 14.76588], [-17.44748, 14.765956], [-17.447479, 14.765956], [-17.447322, 14.766013], [-17.447013, 14.766067], [-17.445948, 14.766386], [-17.445228, 14.766609], [-17.444933, 14.766591], [-17.444786, 14.766628], [-17.444757, 14.766652], [-17.444758, 14.766653], [-17.444692, 14.766708], [-17.444354, 14.76679], [-17.44414, 14.766714], [-17.444031, 14.766901], [-17.443781, 14.766904], [-17.44348, 14.767002], [-17.443304, 14.76706], [-17.443194, 14.767154], [-17.442804, 14.767187], [-17.442635, 14.767282], [-17.442343, 14.767407], [-17.442336, 14.76741]]]}, "properties": {"commune": "PARCELLES ASSAINIES", "key": "PARCELLES ASSAINIES", "population": 159498.0}}, {"type": "Feature", "geometry": {"type": "Polygon", "coordinates": [[[-17.426744, 14.749169], [-17.426486, 14.748798], [-17.426406, 14.748684], [-17.426086, 14.748228], [-17.425867, 14.747916], [-17.425674, 14.747579], [-17.425589, 14.747433], [-17.425536, 14.747341], [-17.42549, 14.747261], [-17.425481, 14.747245], [-17.425434, 14.747142], [-17.425342, 14.74694], [-17.425278, 14.746798], [-17.425248, 14.746732], [-17.425162, 14.746544], [-17.425128, 14.74647], [-17.425116, 14.746442], [-17.425113, 14.746433], [-17.425029, 14.746182], [-17.424953, 14.745953], [-17.424801, 14.745655], [-17.424747, 14.74555], [-17.424687, 14.745432], [-17.424652, 14.745364], [-17.424508, 14.745006], [-17.424508, 14.745006], [-17.424507, 14.745006], [-17.424507, 14.745006], [-17.424506, 14.745006], [-17.424505, 14.745006], [-17.424505, 14.745006], [-17.424505, 14.745005], [-17.424505, 14.745004], [-17.424506, 14.745004], [-17.424595, 14.744979], [-17.42496, 14.74488], [-17.425565, 14.744714], [-17.426244, 14.744529], [-17.426246, 14.744529], [-17.427922, 14.744135], [-17.428187, 14.744073], [-17.428302, 14.744046], [-17.429371, 14.743795], [-17.43031, 14.743574], [-17.430612, 14.743503], [-17.430671, 14.74349], [-17.43111, 14.743393], [-17.431781, 14.743245], [-17.432166, 14.74316], [-17.432575, 14.74307], [-17.433108, 14.742953], [-17.433409, 14.742886], [-17.433909, 14.742776], [-17.43409, 14.742736], [-17.434393, 14.742679], [-17.436306, 14.742211], [-17.436864, 14.741893], [-17.437096, 14.741761], [-17.437417, 14.741577], [-17.437545, 14.741487], [-17.43792, 14.741113], [-17.43839, 14.740647], [-17.438422, 14.740615], [-17.439579, 14.741545], [-17.440126, 14.74193], [-17.440574, 14.742245], [-17.440847, 14.742437], [-17.440856, 14.742441], [-17.441407, 14.742671], [-17.44173, 14.742799], [-17.442169, 14.742938], [-17.442284, 14.742971], [-17.442503, 14.743035], [-17.442615, 14.743052], [-17.44262, 14.743053], [-17.442622, 14.743053], [-17.44277, 14.743077], [-17.443467, 14.743186], [-17.443623, 14.743211], [-17.444593, 14.743364], [-17.444602, 14.743365], [-17.444615, 14.743368], [-17.446096, 14.743601], [-17.446493, 14.743669], [-17.447553, 14.74385], [-17.448016, 14.743929], [-17.448275, 14.743972], [-17.448561, 14.744019], [-17.44859, 14.744024], [-17.448682, 14.744039], [-17.448879, 14.744072], [-17.448966, 14.744086], [-17.449391, 14.744158], [-17.449392, 14.744156], [-17.449395, 14.744157], [-17.449396, 14.744157], [-17.449435, 14.744164], [-17.450554, 14.74435], [-17.452795, 14.744722], [-17.453912, 14.744908], [-17.453999, 14.744922], [-17.454455, 14.744992], [-17.455942, 14.74522], [-17.457021, 14.745386], [-17.457235, 14.745419], [-17.457482, 14.745457], [-17.457615, 14.745477], [-17.458108, 14.745553], [-17.458663, 14.745638], [-17.458768, 14.745654], [-17.459303, 14.745767], [-17.459861, 14.745959], [-17.459974, 14.746018], [-17.460203, 14.746136], [-17.460786, 14.746438], [-17.461217, 14.746662], [-17.461292, 14.746759], [-17.46152, 14.746938], [-17.461607, 14.747024], [-17.461898, 14.74731], [-17.462236, 14.747642], [-17.462472, 14.747947], [-17.462586, 14.748093], [-17.461682, 14.748534], [-17.460666, 14.74903], [-17.459206, 14.749743], [-17.458998, 14.749844], [-17.458792, 14.749839], [-17.45868, 14.749837], [-17.458674, 14.749836], [-17.458673, 14.749837], [-17.45867, 14.749837], [-17.458669, 14.749837], [-17.458608, 14.74986], [-17.458463, 14.749916], [-17.458433, 14.74993], [-17.458429, 14.749932], [-17.457818, 14.750219], [-17.457014, 14.750703], [-17.456314, 14.751166], [-17.456286, 14.751186], [-17.454847, 14.752207], [-17.454842, 14.752211], [-17.45472, 14.752134], [-17.454718, 14.752133], [-17.454712, 14.752129], [-17.454372, 14.75193], [-17.454278, 14.751875], [-17.453492, 14.751416], [-17.453407, 14.751367], [-17.453387, 14.751359], [-17.453343, 14.751341], [-17.453337, 14.751338], [-17.453334, 14.751337], [-17.45312, 14.751249], [-17.452487, 14.750989], [-17.452136, 14.750845], [-17.451923, 14.750768], [-17.451509, 14.750669], [-17.450959, 14.750565], [-17.450718, 14.750519], [-17.450711, 14.750518], [-17.450574, 14.750493], [-17.449929, 14.750375], [-17.448964, 14.750199], [-17.448946, 14.750253], [-17.448939, 14.750252], [-17.44893, 14.750251], [-17.448239, 14.750118], [-17.447433, 14.749964], [-17.447205, 14.749926], [-17.447196, 14.749925], [-17.447006, 14.749894], [-17.446988, 14.749891], [-17.446786, 14.749858], [-17.446627, 14.749832], [-17.446556, 14.74982], [-17.446359, 14.749773], [-17.446239, 14.749744], [-17.446227, 14.749742], [-17.44601, 14.74969], [-17.445738, 14.749612], [-17.44542, 14.749521], [-17.445158, 14.749445], [-17.444719, 14.749289], [-17.444161, 14.749089], [-17.444088, 14.749063], [-17.443835, 14.74895], [-17.443615, 14.748811], [-17.443467, 14.748935], [-17.443289, 14.749076], [-17.443237, 14.749116], [-17.443015, 14.749284], [-17.442981, 14.74931], [-17.442462, 14.74966], [-17.442074, 14.749857], [-17.441607, 14.750095], [-17.4416, 14.750098], [-17.44096, 14.750348], [-17.44044, 14.750524], [-17.440319, 14.750565], [-17.439893, 14.750709], [-17.439609, 14.750799], [-17.439151, 14.75094], [-17.438793, 14.751049], [-17.438109, 14.751273], [-17.438091, 14.751279], [-17.438047, 14.751293], [-17.437985, 14.75132], [-17.437776, 14.751409], [-17.437689, 14.751446], [-17.437327, 14.751599], [-17.437208, 14.751651], [-17.437064, 14.751715], [-17.437063, 14.751716], [-17.436602, 14.75194], [-17.436442, 14.752035], [-17.43625, 14.752147], [-17.43541, 14.75264], [-17.435303, 14.752708], [-17.434715, 14.753084], [-17.434611, 14.753148], [-17.43428, 14.753351], [-17.434006, 14.75352], [-17.43358, 14.753781], [-17.432468, 14.754464], [-17.432454, 14.754473], [-17.432108, 14.754689], [-17.431414, 14.755122], [-17.431113, 14.75531], [-17.430243, 14.755853], [-17.430187, 14.755888], [-17.43, 14.75599], [-17.428814, 14.756636], [-17.428888, 14.756404], [-17.428881, 14.75557], [-17.42888, 14.755447], [-17.428878, 14.755082], [-17.428876, 14.754634], [-17.428876, 14.754629], [-17.428876, 14.75462], [-17.428874, 14.754249], [-17.428849, 14.753798], [-17.428755, 14.753239], [-17.428699, 14.753009], [-17.428696, 14.752997], [-17.428695, 14.752989], [-17.428658, 14.752861], [-17.428658, 14.75286], [-17.428653, 14.752842], [-17.428634, 14.752773], [-17.428594, 14.752634], [-17.428594, 14.752634], [-17.428522, 14.752378], [-17.428498, 14.752291], [-17.428499, 14.752291], [-17.4285, 14.75229], [-17.428456, 14.752176], [-17.428442, 14.752141], [-17.428269, 14.751692], [-17.428163, 14.751417], [-17.428121, 14.751341], [-17.427939, 14.751019], [-17.427668, 14.750541], [-17.427531, 14.7503], [-17.427338, 14.750022], [-17.426744, 14.749169]]]}, "properties": {"commune": "PATTE D'OIE", "key": "PATTE D OIE", "population": 41106.0}}, {"type": "Feature", "geometry": {"type": "Polygon", "coordinates": [[[-17.475362, 14.762756], [-17.474843, 14.762364], [-17.474407, 14.762077], [-17.474292, 14.762012], [-17.474233, 14.761978], [-17.473047, 14.761713], [-17.472993, 14.761701], [-17.472499, 14.761591], [-17.470973, 14.761603], [-17.470963, 14.761603], [-17.47021, 14.761609], [-17.470201, 14.761609], [-17.470201, 14.761609], [-17.470189, 14.761609], [-17.468957, 14.761642], [-17.468957, 14.761638], [-17.46895, 14.761639], [-17.467398, 14.761823], [-17.467356, 14.761828], [-17.466867, 14.761847], [-17.464814, 14.762221], [-17.464583, 14.762239], [-17.462926, 14.762586], [-17.461312, 14.762908], [-17.459292, 14.763273], [-17.4585, 14.763485], [-17.456416, 14.763776], [-17.456102, 14.763913], [-17.45564, 14.764072], [-17.454288, 14.764379], [-17.453029, 14.764673], [-17.450855, 14.765196], [-17.449206, 14.765561], [-17.4492, 14.765508], [-17.449307, 14.765487], [-17.4491, 14.764067], [-17.449057, 14.763769], [-17.449192, 14.763661], [-17.449375, 14.763488], [-17.449569, 14.76328], [-17.449705, 14.76309], [-17.449705, 14.76309], [-17.449789, 14.762973], [-17.449856, 14.762881], [-17.449947, 14.76275], [-17.450082, 14.762519], [-17.450249, 14.762193], [-17.450327, 14.762043], [-17.450484, 14.761706], [-17.450548, 14.761567], [-17.450826, 14.760965], [-17.45115, 14.760256], [-17.451279, 14.759968], [-17.451307, 14.759907], [-17.451555, 14.759359], [-17.451604, 14.759253], [-17.451992, 14.758399], [-17.452383, 14.757559], [-17.452617, 14.757057], [-17.452619, 14.757052], [-17.45262, 14.757051], [-17.452654, 14.756978], [-17.452697, 14.756884], [-17.452786, 14.756694], [-17.452909, 14.756429], [-17.453025, 14.75618], [-17.453071, 14.756082], [-17.453209, 14.755785], [-17.453223, 14.755755], [-17.45327, 14.755654], [-17.453325, 14.755536], [-17.453341, 14.755502], [-17.453385, 14.755406], [-17.453397, 14.755382], [-17.453442, 14.755284], [-17.453478, 14.755207], [-17.45351, 14.75516], [-17.453539, 14.755119], [-17.453595, 14.754993], [-17.453668, 14.754831], [-17.453748, 14.754651], [-17.453772, 14.754597], [-17.453819, 14.754493], [-17.45385, 14.754423], [-17.453911, 14.754286], [-17.453922, 14.754264], [-17.453954, 14.754191], [-17.453958, 14.754183], [-17.453975, 14.754144], [-17.453976, 14.754143], [-17.453975, 14.754143], [-17.454107, 14.753849], [-17.454452, 14.75308], [-17.454714, 14.752493], [-17.45484, 14.75223], [-17.454851, 14.752217], [-17.454856, 14.752212], [-17.454858, 14.752209], [-17.454878, 14.752185], [-17.455332, 14.751863], [-17.456286, 14.751186], [-17.456314, 14.751166], [-17.457014, 14.750703], [-17.457818, 14.750219], [-17.458429, 14.749932], [-17.458433, 14.74993], [-17.458463, 14.749916], [-17.458608, 14.74986], [-17.458669, 14.749837], [-17.458792, 14.749839], [-17.458998, 14.749844], [-17.459206, 14.749743], [-17.460666, 14.74903], [-17.461682, 14.748534], [-17.462586, 14.748093], [-17.462594, 14.748089], [-17.462812, 14.747966], [-17.462923, 14.747913], [-17.463176, 14.747794], [-17.463275, 14.747748], [-17.464268, 14.747319], [-17.46451, 14.747215], [-17.465312, 14.746899], [-17.465584, 14.746792], [-17.46568, 14.74676], [-17.465777, 14.746729], [-17.46587, 14.746659], [-17.466359, 14.746472], [-17.466771, 14.746303], [-17.467032, 14.74617], [-17.467341, 14.746012], [-17.46743, 14.745956], [-17.468095, 14.745536], [-17.468396, 14.745298], [-17.468789, 14.744987], [-17.469322, 14.74441], [-17.469364, 14.744365], [-17.469856, 14.743801], [-17.470022, 14.743514], [-17.470071, 14.743429], [-17.470152, 14.743318], [-17.470517, 14.742758], [-17.471149, 14.741329], [-17.471167, 14.741286], [-17.47123, 14.741118], [-17.471347, 14.740719], [-17.471601, 14.740039], [-17.471867, 14.739327], [-17.471929, 14.739141], [-17.472205, 14.738318], [-17.472362, 14.737848], [-17.472367, 14.737834], [-17.472367, 14.737834], [-17.472369, 14.737829], [-17.472408, 14.73771], [-17.472801, 14.736713], [-17.472833, 14.73663], [-17.473022, 14.736001], [-17.473217, 14.735349], [-17.47334, 14.734487], [-17.473356, 14.734303], [-17.473418, 14.733603], [-17.473418, 14.733602], [-17.473388, 14.732665], [-17.473293, 14.73205], [-17.473137, 14.73131], [-17.473098, 14.731175], [-17.472276, 14.727109], [-17.471601, 14.726373], [-17.472576, 14.726228], [-17.473373, 14.726234], [-17.475137, 14.726192], [-17.475093, 14.725948], [-17.475049, 14.725708], [-17.475378, 14.725609], [-17.476867, 14.725208], [-17.476893, 14.725201], [-17.477666, 14.725302], [-17.477692, 14.725306], [-17.477692, 14.725286], [-17.478469, 14.725206], [-17.478472, 14.725205], [-17.479459, 14.725103], [-17.479954, 14.725458], [-17.479979, 14.725476], [-17.480032, 14.725511], [-17.480719, 14.725974], [-17.480809, 14.726052], [-17.480864, 14.726471], [-17.480867, 14.726497], [-17.480963, 14.727233], [-17.48092, 14.727385], [-17.480942, 14.727542], [-17.481236, 14.729745], [-17.481465, 14.730014], [-17.481484, 14.730036], [-17.481499, 14.730053], [-17.481328, 14.730423], [-17.480978, 14.731023], [-17.480908, 14.731129], [-17.481044, 14.731903], [-17.481235, 14.732994], [-17.48296, 14.733042], [-17.483761, 14.733064], [-17.484348, 14.731074], [-17.48552, 14.7311], [-17.485536, 14.7311], [-17.48681, 14.731125], [-17.487249, 14.73122], [-17.487269, 14.731225], [-17.489011, 14.731714], [-17.49037, 14.732095], [-17.490362, 14.732152], [-17.490165, 14.732767], [-17.4901, 14.732972], [-17.48985, 14.733769], [-17.489891, 14.733774], [-17.489609, 14.734781], [-17.489348, 14.735627], [-17.489078, 14.736548], [-17.488838, 14.737361], [-17.489702, 14.737627], [-17.490644, 14.737654], [-17.490856, 14.737682], [-17.491151, 14.737819], [-17.491156, 14.737821], [-17.49126, 14.737862], [-17.491401, 14.737917], [-17.491596, 14.737925], [-17.491814, 14.737878], [-17.492663, 14.737641], [-17.492799, 14.738236], [-17.493883, 14.73882], [-17.493983, 14.738876], [-17.494072, 14.738927], [-17.494171, 14.738983], [-17.495213, 14.739574], [-17.495368, 14.739396], [-17.495431, 14.739323], [-17.495729, 14.738979], [-17.496269, 14.738326], [-17.496434, 14.738048], [-17.496436, 14.738044], [-17.496502, 14.737928], [-17.496552, 14.737833], [-17.496606, 14.737731], [-17.496608, 14.737728], [-17.496653, 14.737654], [-17.497199, 14.737172], [-17.49752, 14.736802], [-17.497612, 14.736696], [-17.49832, 14.735849], [-17.498331, 14.735845], [-17.498994, 14.73556], [-17.502214, 14.735372], [-17.50257, 14.733872], [-17.503652, 14.731394], [-17.50438, 14.72977], [-17.504754, 14.72892], [-17.505027, 14.72846], [-17.505421, 14.728797], [-17.506033, 14.72949], [-17.506421, 14.729948], [-17.506471, 14.72996], [-17.506643, 14.730205], [-17.506949, 14.730537], [-17.506862, 14.730853], [-17.505551, 14.73299], [-17.505662, 14.735319], [-17.505475, 14.73567], [-17.505362, 14.735926], [-17.505241, 14.736192], [-17.504964, 14.73685], [-17.505524, 14.737398], [-17.505641, 14.737769], [-17.505676, 14.737848], [-17.505685, 14.737979], [-17.505734, 14.73817], [-17.505799, 14.738272], [-17.505815, 14.73873], [-17.505852, 14.739814], [-17.505852, 14.73982], [-17.505852, 14.73982], [-17.505868, 14.740287], [-17.505922, 14.742063], [-17.506117, 14.743534], [-17.506118, 14.743568], [-17.506133, 14.743921], [-17.506178, 14.744984], [-17.506197, 14.745372], [-17.50628, 14.747074], [-17.505781, 14.747296], [-17.50453, 14.74784], [-17.504435, 14.747884], [-17.501887, 14.749058], [-17.500459, 14.749723], [-17.499109, 14.750336], [-17.498644, 14.750549], [-17.497316, 14.751189], [-17.497283, 14.751094], [-17.497097, 14.751177], [-17.497143, 14.75128], [-17.497057, 14.751318], [-17.496823, 14.751421], [-17.496909, 14.751933], [-17.497041, 14.752381], [-17.497194, 14.752848], [-17.497428, 14.753531], [-17.497439, 14.753562], [-17.497684, 14.754266], [-17.49786, 14.754459], [-17.498031, 14.754808], [-17.497869, 14.754809], [-17.497495, 14.754813], [-17.497397, 14.754916], [-17.497059, 14.755059], [-17.496652, 14.75499], [-17.495864, 14.755196], [-17.495201, 14.75546], [-17.495107, 14.755497], [-17.49468, 14.755678], [-17.49411, 14.755838], [-17.49369, 14.756025], [-17.493086, 14.756486], [-17.492723, 14.757032], [-17.49274, 14.757215], [-17.492654, 14.757612], [-17.492529, 14.757891], [-17.492074, 14.758204], [-17.491715, 14.758428], [-17.49121, 14.758418], [-17.490937, 14.758216], [-17.490932, 14.758219], [-17.490849, 14.758263], [-17.490742, 14.758284], [-17.490577, 14.758166], [-17.490433, 14.758054], [-17.490293, 14.757852], [-17.490099, 14.75776], [-17.489873, 14.757643], [-17.489668, 14.757541], [-17.489347, 14.757575], [-17.489232, 14.757744], [-17.489013, 14.757786], [-17.488835, 14.757838], [-17.488704, 14.757889], [-17.488705, 14.758008], [-17.488559, 14.758188], [-17.488335, 14.758156], [-17.488305, 14.758275], [-17.48814, 14.758495], [-17.488003, 14.758626], [-17.487954, 14.758715], [-17.488047, 14.758878], [-17.487973, 14.759122], [-17.487806, 14.759173], [-17.487704, 14.759179], [-17.487664, 14.759284], [-17.487625, 14.759403], [-17.487662, 14.759542], [-17.487674, 14.759666], [-17.487737, 14.759868], [-17.48767, 14.760197], [-17.487652, 14.76045], [-17.487557, 14.76057], [-17.487257, 14.760657], [-17.487183, 14.760891], [-17.487113, 14.761021], [-17.486922, 14.761202], [-17.486608, 14.761438], [-17.486333, 14.761471], [-17.485939, 14.761331], [-17.485596, 14.761141], [-17.485447, 14.761064], [-17.485004, 14.761108], [-17.484922, 14.761044], [-17.484893, 14.761021], [-17.484718, 14.761241], [-17.484542, 14.761623], [-17.484327, 14.761872], [-17.484247, 14.762049], [-17.484243, 14.762428], [-17.48392, 14.762714], [-17.483707, 14.762925], [-17.483696, 14.762937], [-17.483692, 14.762941], [-17.483481, 14.763221], [-17.483279, 14.763708], [-17.48303, 14.764169], [-17.482852, 14.764409], [-17.482627, 14.764571], [-17.482147, 14.764593], [-17.48174, 14.764677], [-17.481554, 14.765014], [-17.48125, 14.765405], [-17.480953, 14.765629], [-17.48058, 14.765755], [-17.480547, 14.765766], [-17.480305, 14.765816], [-17.480104, 14.765859], [-17.479797, 14.765941], [-17.479188, 14.765798], [-17.479155, 14.765779], [-17.478276, 14.76527], [-17.477955, 14.764929], [-17.477615, 14.764483], [-17.477089, 14.764083], [-17.47686, 14.763909], [-17.476701, 14.763788], [-17.47628, 14.763457], [-17.475362, 14.762756]], [[-17.47696, 14.762399], [-17.476959, 14.762398], [-17.476958, 14.762399], [-17.47696, 14.762399], [-17.47696, 14.762399]], [[-17.476229, 14.759861], [-17.476232, 14.759852], [-17.476233, 14.759852], [-17.476232, 14.759852], [-17.476232, 14.759852], [-17.476229, 14.759861]]]}, "properties": {"commune": "YOFF", "key": "YOFF", "population": 89442.0}}, {"type": "Feature", "geometry": {"type": "MultiPolygon", "coordinates": [[[[-17.498601, 14.754971], [-17.498298, 14.754792], [-17.498031, 14.754808], [-17.49786, 14.754459], [-17.497684, 14.754266], [-17.497439, 14.753562], [-17.497428, 14.753531], [-17.497194, 14.752848], [-17.497041, 14.752381], [-17.496909, 14.751933], [-17.496823, 14.751421], [-17.497143, 14.75128], [-17.497097, 14.751177], [-17.497283, 14.751094], [-17.497316, 14.751189], [-17.498644, 14.750549], [-17.499109, 14.750336], [-17.500459, 14.749723], [-17.501887, 14.749058], [-17.504435, 14.747884], [-17.50453, 14.74784], [-17.505781, 14.747296], [-17.50628, 14.747074], [-17.506197, 14.745372], [-17.506178, 14.744984], [-17.506118, 14.743568], [-17.506117, 14.743534], [-17.506117, 14.743532], [-17.505922, 14.742063], [-17.505868, 14.740287], [-17.505852, 14.73982], [-17.505852, 14.73982], [-17.505852, 14.739814], [-17.505815, 14.73873], [-17.5058, 14.738303], [-17.505799, 14.738272], [-17.505734, 14.73817], [-17.505685, 14.737979], [-17.505676, 14.737848], [-17.505641, 14.737769], [-17.505524, 14.737398], [-17.504964, 14.73685], [-17.505241, 14.736192], [-17.505362, 14.735926], [-17.505475, 14.73567], [-17.505662, 14.735319], [-17.505551, 14.73299], [-17.506862, 14.730853], [-17.506949, 14.730537], [-17.506643, 14.730205], [-17.506471, 14.72996], [-17.506483, 14.729963], [-17.506877, 14.729657], [-17.507331, 14.729403], [-17.507331, 14.729403], [-17.507326, 14.729387], [-17.507513, 14.729416], [-17.50793, 14.729823], [-17.50828, 14.730306], [-17.508553, 14.730823], [-17.50878, 14.731146], [-17.509327, 14.731324], [-17.509687, 14.731645], [-17.509958, 14.732021], [-17.510297, 14.732418], [-17.51039, 14.732775], [-17.510629, 14.733216], [-17.510966, 14.733494], [-17.511335, 14.733696], [-17.511451, 14.734031], [-17.511653, 14.734245], [-17.512169, 14.734564], [-17.512461, 14.73481], [-17.512697, 14.735035], [-17.512832, 14.73512], [-17.513066, 14.735107], [-17.513278, 14.735191], [-17.513359, 14.735472], [-17.513507, 14.735785], [-17.513645, 14.736097], [-17.513848, 14.736388], [-17.514118, 14.736601], [-17.514385, 14.736652], [-17.514744, 14.736822], [-17.51489, 14.736994], [-17.51485, 14.737351], [-17.514897, 14.737611], [-17.515178, 14.737803], [-17.515434, 14.7378], [-17.515778, 14.737775], [-17.516079, 14.737761], [-17.51629, 14.737796], [-17.516558, 14.737842], [-17.516937, 14.73787], [-17.517136, 14.737738], [-17.517382, 14.737865], [-17.517475, 14.738189], [-17.517501, 14.738503], [-17.517516, 14.738567], [-17.517571, 14.738806], [-17.517719, 14.739086], [-17.518033, 14.739321], [-17.51828, 14.739491], [-17.518504, 14.73963], [-17.518784, 14.739789], [-17.519051, 14.739754], [-17.519329, 14.739751], [-17.519632, 14.739953], [-17.51967, 14.739959], [-17.520089, 14.740024], [-17.520314, 14.740195], [-17.520617, 14.740451], [-17.520897, 14.740589], [-17.521365, 14.740627], [-17.521576, 14.74056], [-17.521898, 14.740557], [-17.522467, 14.740637], [-17.522779, 14.740623], [-17.523067, 14.740544], [-17.523445, 14.740529], [-17.523979, 14.740512], [-17.524448, 14.740615], [-17.524716, 14.740732], [-17.525041, 14.74088], [-17.525352, 14.740833], [-17.525629, 14.740754], [-17.52594, 14.740697], [-17.526396, 14.740659], [-17.526764, 14.74072], [-17.5273, 14.740833], [-17.527634, 14.74083], [-17.527957, 14.740891], [-17.528213, 14.740932], [-17.528637, 14.740992], [-17.529249, 14.740975], [-17.529839, 14.741011], [-17.529808, 14.741163], [-17.529555, 14.741415], [-17.529301, 14.741591], [-17.529114, 14.741843], [-17.529107, 14.742146], [-17.529001, 14.742613], [-17.528938, 14.742928], [-17.528963, 14.743177], [-17.528988, 14.743425], [-17.529002, 14.743664], [-17.528993, 14.743859], [-17.528874, 14.74412], [-17.528921, 14.744379], [-17.528901, 14.744607], [-17.528828, 14.744987], [-17.528697, 14.745205], [-17.528807, 14.745633], [-17.528813, 14.745659], [-17.529048, 14.74571], [-17.528998, 14.74622], [-17.528776, 14.746244], [-17.52867, 14.746722], [-17.528431, 14.747222], [-17.52839, 14.747505], [-17.528171, 14.747832], [-17.528152, 14.748157], [-17.528257, 14.748524], [-17.528505, 14.748814], [-17.528352, 14.749043], [-17.527911, 14.749459], [-17.527702, 14.749646], [-17.52755, 14.749951], [-17.527366, 14.75044], [-17.527147, 14.750724], [-17.526915, 14.750889], [-17.52646, 14.751013], [-17.526104, 14.751017], [-17.52577, 14.751021], [-17.5253, 14.750766], [-17.524696, 14.750513], [-17.524047, 14.750282], [-17.523777, 14.749981], [-17.523629, 14.749755], [-17.523757, 14.749267], [-17.523411, 14.74913], [-17.523118, 14.748829], [-17.522381, 14.748664], [-17.522242, 14.749088], [-17.522324, 14.749434], [-17.522122, 14.749328], [-17.521917, 14.748929], [-17.521178, 14.748569], [-17.520786, 14.748302], [-17.520407, 14.748274], [-17.520016, 14.74837], [-17.519735, 14.748766], [-17.519399, 14.748932], [-17.519222, 14.749182], [-17.519086, 14.749546], [-17.518899, 14.749672], [-17.518831, 14.749878], [-17.518789, 14.750015], [-17.518685, 14.750161], [-17.518621, 14.75029], [-17.518583, 14.75041], [-17.518435, 14.750569], [-17.518186, 14.750636], [-17.517913, 14.750558], [-17.517635, 14.750407], [-17.517617, 14.750398], [-17.517449, 14.750303], [-17.517217, 14.750352], [-17.516994, 14.750431], [-17.516909, 14.750663], [-17.516867, 14.750821], [-17.516896, 14.751009], [-17.516955, 14.751201], [-17.516974, 14.751346], [-17.516905, 14.751406], [-17.516582, 14.751369], [-17.516442, 14.751257], [-17.516401, 14.751134], [-17.516387, 14.751019], [-17.516249, 14.750918], [-17.516208, 14.750877], [-17.516175, 14.750889], [-17.516013, 14.750937], [-17.515859, 14.750965], [-17.515763, 14.750991], [-17.515721, 14.751133], [-17.515709, 14.751223], [-17.515591, 14.751254], [-17.515437, 14.751247], [-17.515284, 14.751266], [-17.515148, 14.751336], [-17.515044, 14.751392], [-17.514947, 14.751342], [-17.514914, 14.751218], [-17.514834, 14.751113], [-17.514733, 14.751045], [-17.514613, 14.750923], [-17.514436, 14.750822], [-17.514392, 14.750799], [-17.514367, 14.750786], [-17.514259, 14.75073], [-17.514274, 14.750698], [-17.514211, 14.750697], [-17.514122, 14.750655], [-17.514012, 14.750626], [-17.51392, 14.750623], [-17.513801, 14.75059], [-17.513634, 14.750498], [-17.51337, 14.750458], [-17.513234, 14.75046], [-17.513058, 14.750423], [-17.513038, 14.750418], [-17.512891, 14.750382], [-17.512892, 14.750366], [-17.512855, 14.750374], [-17.512653, 14.750338], [-17.512495, 14.750301], [-17.512489, 14.750288], [-17.512318, 14.750278], [-17.512084, 14.750267], [-17.511874, 14.750271], [-17.511369, 14.750281], [-17.511149, 14.750303], [-17.511083, 14.750395], [-17.510963, 14.750409], [-17.51081, 14.750456], [-17.510571, 14.750635], [-17.510438, 14.750708], [-17.510173, 14.750827], [-17.509968, 14.751018], [-17.509697, 14.751268], [-17.50958, 14.751595], [-17.509608, 14.751724], [-17.50981, 14.751839], [-17.509979, 14.75198], [-17.509895, 14.752267], [-17.509913, 14.752644], [-17.509821, 14.752834], [-17.509582, 14.752908], [-17.509175, 14.75299], [-17.508989, 14.753044], [-17.508858, 14.75328], [-17.508739, 14.753444], [-17.508567, 14.753595], [-17.508223, 14.753859], [-17.507898, 14.754058], [-17.507402, 14.753926], [-17.507088, 14.753923], [-17.506944, 14.754165], [-17.506731, 14.754239], [-17.506579, 14.754423], [-17.506245, 14.754394], [-17.505856, 14.754288], [-17.505436, 14.754403], [-17.505242, 14.754379], [-17.50516, 14.754185], [-17.504859, 14.754143], [-17.5046, 14.754275], [-17.504158, 14.754241], [-17.503742, 14.754051], [-17.503633, 14.753915], [-17.503393, 14.753937], [-17.503265, 14.753822], [-17.503263, 14.753627], [-17.503119, 14.753375], [-17.502871, 14.753293], [-17.502582, 14.75312], [-17.502421, 14.753057], [-17.502252, 14.752903], [-17.502117, 14.752774], [-17.501909, 14.752666], [-17.501708, 14.75261], [-17.501528, 14.75269], [-17.501236, 14.752823], [-17.501126, 14.753136], [-17.501176, 14.753422], [-17.501126, 14.753773], [-17.501249, 14.754019], [-17.501406, 14.754265], [-17.501563, 14.754562], [-17.501479, 14.75479], [-17.50141, 14.755201], [-17.501411, 14.755344], [-17.501179, 14.755515], [-17.500641, 14.755788], [-17.500388, 14.755804], [-17.499848, 14.75592], [-17.499598, 14.755721], [-17.499241, 14.755478], [-17.49875, 14.755191], [-17.498601, 14.754971]]], [[[-17.511949, 14.756727], [-17.511613, 14.756482], [-17.511419, 14.756336], [-17.511265, 14.756128], [-17.511277, 14.755946], [-17.511428, 14.755772], [-17.511554, 14.755699], [-17.511634, 14.755741], [-17.511835, 14.755701], [-17.512034, 14.755536], [-17.512331, 14.755342], [-17.512584, 14.755057], [-17.512918, 14.754656], [-17.513025, 14.754603], [-17.513188, 14.754601], [-17.513287, 14.754681], [-17.513362, 14.754814], [-17.513535, 14.754913], [-17.513817, 14.755063], [-17.513911, 14.755109], [-17.514013, 14.754992], [-17.514067, 14.754946], [-17.514116, 14.754945], [-17.514168, 14.754983], [-17.514237, 14.755003], [-17.514341, 14.755018], [-17.514422, 14.755009], [-17.514532, 14.755023], [-17.514593, 14.755063], [-17.514785, 14.754978], [-17.514809, 14.754894], [-17.514876, 14.754891], [-17.514918, 14.754935], [-17.514905, 14.754985], [-17.514941, 14.755036], [-17.514945, 14.755091], [-17.515126, 14.755229], [-17.515136, 14.755288], [-17.515261, 14.755352], [-17.5154, 14.755348], [-17.515528, 14.755368], [-17.515601, 14.755423], [-17.515634, 14.755374], [-17.515838, 14.755303], [-17.515913, 14.75519], [-17.516165, 14.755047], [-17.51629, 14.755017], [-17.516377, 14.754863], [-17.516556, 14.754909], [-17.516643, 14.75497], [-17.516665, 14.755017], [-17.516671, 14.755044], [-17.516675, 14.755083], [-17.516675, 14.755086], [-17.516663, 14.755134], [-17.516648, 14.755194], [-17.516636, 14.755242], [-17.516628, 14.75529], [-17.516583, 14.755362], [-17.516574, 14.755413], [-17.516562, 14.755467], [-17.516539, 14.755578], [-17.516539, 14.755581], [-17.516553, 14.755739], [-17.516547, 14.755772], [-17.516539, 14.755814], [-17.516542, 14.755823], [-17.516542, 14.755826], [-17.516545, 14.755855], [-17.51651, 14.75596], [-17.51648, 14.756074], [-17.51648, 14.756077], [-17.516469, 14.756131], [-17.51646, 14.756194], [-17.516418, 14.756254], [-17.516357, 14.756279], [-17.516246, 14.756295], [-17.51624, 14.756295], [-17.516038, 14.756291], [-17.515914, 14.756272], [-17.515825, 14.75627], [-17.515822, 14.75627], [-17.515758, 14.756273], [-17.515755, 14.756276], [-17.515718, 14.756289], [-17.515636, 14.75634], [-17.515551, 14.756416], [-17.515548, 14.756422], [-17.515463, 14.756489], [-17.515456, 14.756492], [-17.515304, 14.756604], [-17.515292, 14.756613], [-17.515115, 14.756702], [-17.515103, 14.756705], [-17.514925, 14.756745], [-17.514919, 14.756748], [-17.514766, 14.756762], [-17.514615, 14.756743], [-17.514606, 14.756743], [-17.514526, 14.756723], [-17.51452, 14.75672], [-17.514458, 14.756703], [-17.514353, 14.75668], [-17.51435, 14.756677], [-17.514163, 14.756658], [-17.514132, 14.756664], [-17.514003, 14.756672], [-17.513939, 14.756744], [-17.513681, 14.756924], [-17.513525, 14.75703], [-17.513364, 14.757142], [-17.512982, 14.757247], [-17.512535, 14.757204], [-17.512263, 14.757106], [-17.512095, 14.75697], [-17.511949, 14.756727]]]]}, "properties": {"commune": "NGOR", "key": "NGOR", "population": 17383.0}}, {"type": "Feature", "geometry": {"type": "Polygon", "coordinates": [[[-17.492799, 14.738236], [-17.492663, 14.737641], [-17.491814, 14.737878], [-17.491596, 14.737925], [-17.491401, 14.737917], [-17.49126, 14.737862], [-17.491156, 14.737821], [-17.491151, 14.737819], [-17.490856, 14.737682], [-17.490644, 14.737654], [-17.489702, 14.737627], [-17.488838, 14.737361], [-17.489078, 14.736548], [-17.489348, 14.735627], [-17.489609, 14.734781], [-17.489891, 14.733774], [-17.48985, 14.733769], [-17.4901, 14.732972], [-17.490165, 14.732767], [-17.490362, 14.732152], [-17.49037, 14.732095], [-17.489011, 14.731714], [-17.487269, 14.731225], [-17.487249, 14.73122], [-17.48681, 14.731125], [-17.485536, 14.7311], [-17.485523, 14.7311], [-17.48552, 14.7311], [-17.484348, 14.731074], [-17.483761, 14.733064], [-17.48296, 14.733042], [-17.481235, 14.732994], [-17.481044, 14.731903], [-17.480908, 14.731129], [-17.480978, 14.731023], [-17.481328, 14.730423], [-17.481499, 14.730053], [-17.481484, 14.730036], [-17.481465, 14.730014], [-17.481236, 14.729745], [-17.480942, 14.727542], [-17.48092, 14.727385], [-17.480963, 14.727233], [-17.480867, 14.726497], [-17.480864, 14.726471], [-17.480809, 14.726052], [-17.480719, 14.725974], [-17.480032, 14.725511], [-17.479979, 14.725476], [-17.479954, 14.725458], [-17.479459, 14.725103], [-17.478472, 14.725205], [-17.478469, 14.725206], [-17.477692, 14.725286], [-17.477692, 14.725306], [-17.477666, 14.725302], [-17.476893, 14.725201], [-17.476867, 14.725208], [-17.475378, 14.725609], [-17.475049, 14.725708], [-17.475093, 14.725948], [-17.475137, 14.726192], [-17.473373, 14.726234], [-17.472576, 14.726228], [-17.471601, 14.726373], [-17.471516, 14.72616], [-17.471438, 14.725944], [-17.471366, 14.725727], [-17.471302, 14.725507], [-17.471244, 14.725286], [-17.471193, 14.725063], [-17.471144, 14.724846], [-17.471103, 14.724628], [-17.471068, 14.724409], [-17.471041, 14.724189], [-17.47102, 14.723968], [-17.471007, 14.723747], [-17.471001, 14.723525], [-17.471001, 14.723303], [-17.471009, 14.723082], [-17.471048, 14.722023], [-17.471086, 14.720996], [-17.471395, 14.717196], [-17.471403, 14.717083], [-17.471539, 14.715277], [-17.471521, 14.715259], [-17.472187, 14.714932], [-17.47439, 14.713782], [-17.474796, 14.713571], [-17.475118, 14.713398], [-17.475931, 14.712961], [-17.475939, 14.712959], [-17.476413, 14.712705], [-17.47659, 14.712639], [-17.477411, 14.7122], [-17.480028, 14.7108], [-17.481524, 14.709957], [-17.481588, 14.709921], [-17.481909, 14.709888], [-17.481937, 14.709886], [-17.482203, 14.709859], [-17.482501, 14.709829], [-17.482693, 14.709809], [-17.482871, 14.709791], [-17.483225, 14.709755], [-17.483363, 14.709741], [-17.483693, 14.709816], [-17.484072, 14.709901], [-17.484165, 14.709922], [-17.484205, 14.709931], [-17.484406, 14.709977], [-17.484432, 14.709983], [-17.484637, 14.710029], [-17.484771, 14.710059], [-17.484831, 14.710073], [-17.485047, 14.710122], [-17.485223, 14.710162], [-17.485265, 14.710011], [-17.485282, 14.710007], [-17.485402, 14.709977], [-17.485434, 14.709969], [-17.485499, 14.709952], [-17.48554, 14.709942], [-17.485701, 14.709902], [-17.485922, 14.70983], [-17.486142, 14.709758], [-17.486208, 14.709754], [-17.486451, 14.709739], [-17.486543, 14.709768], [-17.48659, 14.70977], [-17.486748, 14.709799], [-17.486749, 14.709799], [-17.486927, 14.709813], [-17.488698, 14.709952], [-17.488715, 14.70997], [-17.488709, 14.710357], [-17.488892, 14.710968], [-17.489044, 14.711643], [-17.489327, 14.712274], [-17.489419, 14.712627], [-17.489545, 14.713002], [-17.489859, 14.71345], [-17.489986, 14.713975], [-17.490124, 14.714403], [-17.490357, 14.714573], [-17.490748, 14.714977], [-17.491459, 14.715367], [-17.492168, 14.715595], [-17.492282, 14.715775], [-17.492383, 14.715711], [-17.492592, 14.715708], [-17.492957, 14.71562], [-17.4932, 14.715532], [-17.493461, 14.715427], [-17.493599, 14.71529], [-17.493826, 14.715288], [-17.493999, 14.715235], [-17.494085, 14.715132], [-17.494416, 14.715061], [-17.494519, 14.714958], [-17.494657, 14.71482], [-17.494865, 14.714699], [-17.495057, 14.714663], [-17.495336, 14.714677], [-17.495545, 14.714658], [-17.495807, 14.714655], [-17.496174, 14.714736], [-17.496349, 14.714836], [-17.49663, 14.714952], [-17.496998, 14.715135], [-17.497156, 14.715235], [-17.497174, 14.715303], [-17.497229, 14.715489], [-17.497371, 14.715691], [-17.497408, 14.71586], [-17.497532, 14.71608], [-17.497551, 14.716181], [-17.497623, 14.716367], [-17.497747, 14.716536], [-17.497837, 14.716823], [-17.497927, 14.717077], [-17.498052, 14.717313], [-17.498054, 14.7175], [-17.498126, 14.71772], [-17.498267, 14.717786], [-17.498424, 14.717784], [-17.498546, 14.717817], [-17.498705, 14.717951], [-17.498914, 14.717966], [-17.499071, 14.717947], [-17.499157, 14.717861], [-17.499367, 14.717893], [-17.499524, 14.717942], [-17.499734, 14.717991], [-17.499875, 14.718091], [-17.500032, 14.718141], [-17.500171, 14.718071], [-17.500293, 14.718053], [-17.50045, 14.718085], [-17.500574, 14.718203], [-17.500697, 14.718269], [-17.500836, 14.718268], [-17.500957, 14.718198], [-17.501096, 14.718095], [-17.501234, 14.718009], [-17.501391, 14.718007], [-17.501601, 14.718022], [-17.501725, 14.718224], [-17.501866, 14.718324], [-17.502006, 14.718408], [-17.502147, 14.718525], [-17.502236, 14.718643], [-17.502481, 14.718742], [-17.502656, 14.718757], [-17.502796, 14.718807], [-17.502937, 14.718924], [-17.503043, 14.719076], [-17.503165, 14.719074], [-17.503235, 14.719124], [-17.503132, 14.719227], [-17.503097, 14.719273], [-17.503068, 14.719322], [-17.503044, 14.719374], [-17.503027, 14.719428], [-17.503016, 14.719483], [-17.503012, 14.71954], [-17.503015, 14.719596], [-17.503024, 14.719652], [-17.503039, 14.719707], [-17.503061, 14.719759], [-17.503088, 14.719809], [-17.503122, 14.719856], [-17.503227, 14.719922], [-17.503281, 14.719919], [-17.503334, 14.719923], [-17.503387, 14.719933], [-17.503438, 14.719949], [-17.503486, 14.719971], [-17.503532, 14.719999], [-17.503573, 14.720032], [-17.50361, 14.72007], [-17.503642, 14.720112], [-17.503668, 14.720158], [-17.503688, 14.720206], [-17.503702, 14.720257], [-17.503756, 14.720443], [-17.503793, 14.720646], [-17.503813, 14.720799], [-17.503902, 14.720968], [-17.503991, 14.72117], [-17.503993, 14.721357], [-17.50403, 14.721543], [-17.504121, 14.721831], [-17.504159, 14.722153], [-17.504231, 14.722322], [-17.504268, 14.722491], [-17.504305, 14.722644], [-17.504254, 14.722814], [-17.504221, 14.722984], [-17.50405, 14.723241], [-17.503913, 14.723514], [-17.50388, 14.723667], [-17.503846, 14.723752], [-17.50371, 14.724025], [-17.503625, 14.724196], [-17.503647, 14.724637], [-17.503739, 14.72501], [-17.503882, 14.725389], [-17.504224, 14.725817], [-17.504357, 14.726128], [-17.504485, 14.726573], [-17.505102, 14.727036], [-17.50551, 14.72727], [-17.506312, 14.727797], [-17.50715, 14.728838], [-17.507331, 14.729403], [-17.507331, 14.729403], [-17.506877, 14.729657], [-17.506483, 14.729963], [-17.506421, 14.729948], [-17.506033, 14.72949], [-17.505421, 14.728797], [-17.505027, 14.72846], [-17.504754, 14.72892], [-17.50438, 14.72977], [-17.503652, 14.731394], [-17.50257, 14.733872], [-17.502214, 14.735372], [-17.498994, 14.73556], [-17.498331, 14.735845], [-17.49832, 14.735849], [-17.497612, 14.736696], [-17.49752, 14.736802], [-17.497199, 14.737172], [-17.496653, 14.737654], [-17.496608, 14.737728], [-17.496606, 14.737731], [-17.496552, 14.737833], [-17.496502, 14.737928], [-17.496436, 14.738044], [-17.496434, 14.738048], [-17.496269, 14.738326], [-17.495729, 14.738979], [-17.495431, 14.739323], [-17.495368, 14.739396], [-17.495213, 14.739574], [-17.494171, 14.738983], [-17.494072, 14.738927], [-17.493983, 14.738876], [-17.493883, 14.73882], [-17.492799, 14.738236]]]}, "properties": {"commune": "OUAKAM", "key": "OUAKAM", "population": 74692.0}}, {"type": "Feature", "geometry": {"type": "Polygon", "coordinates": [[[-17.457247, 14.745419], [-17.457236, 14.745417], [-17.457235, 14.745419], [-17.457021, 14.745386], [-17.455942, 14.74522], [-17.455929, 14.745218], [-17.453999, 14.744922], [-17.453912, 14.744908], [-17.452795, 14.744722], [-17.452776, 14.744719], [-17.450598, 14.744357], [-17.450554, 14.74435], [-17.449435, 14.744164], [-17.449396, 14.744157], [-17.449395, 14.744157], [-17.449392, 14.744156], [-17.448879, 14.744072], [-17.448682, 14.744039], [-17.44859, 14.744024], [-17.448561, 14.744019], [-17.448275, 14.743972], [-17.448016, 14.743929], [-17.447553, 14.74385], [-17.446493, 14.743669], [-17.446096, 14.743601], [-17.444615, 14.743368], [-17.444602, 14.743365], [-17.443623, 14.743211], [-17.443467, 14.743186], [-17.443443, 14.743182], [-17.44277, 14.743077], [-17.442622, 14.743053], [-17.44262, 14.743053], [-17.442615, 14.743052], [-17.442503, 14.743035], [-17.442284, 14.742971], [-17.442169, 14.742938], [-17.44184, 14.742843], [-17.44173, 14.742799], [-17.441407, 14.742671], [-17.440887, 14.742465], [-17.440855, 14.742442], [-17.440847, 14.742437], [-17.440574, 14.742245], [-17.440126, 14.74193], [-17.439579, 14.741545], [-17.438422, 14.740615], [-17.438537, 14.740417], [-17.438565, 14.740371], [-17.438757, 14.740059], [-17.438788, 14.740008], [-17.438796, 14.739994], [-17.439115, 14.739416], [-17.439263, 14.739088], [-17.439339, 14.738918], [-17.439374, 14.73884], [-17.439534, 14.738221], [-17.439567, 14.738092], [-17.439628, 14.73779], [-17.439654, 14.737571], [-17.439741, 14.736838], [-17.439749, 14.736766], [-17.439764, 14.736547], [-17.439771, 14.736445], [-17.439804, 14.735955], [-17.439833, 14.735523], [-17.439854, 14.73516], [-17.439855, 14.735133], [-17.439925, 14.733871], [-17.439927, 14.733831], [-17.439944, 14.733535], [-17.439993, 14.732651], [-17.440002, 14.732487], [-17.440063, 14.731595], [-17.440072, 14.731465], [-17.440117, 14.730804], [-17.440121, 14.730749], [-17.440165, 14.730099], [-17.44026, 14.728685], [-17.440261, 14.728675], [-17.440298, 14.728131], [-17.440351, 14.727348], [-17.440361, 14.727178], [-17.440391, 14.726679], [-17.440461, 14.725517], [-17.440465, 14.72545], [-17.440483, 14.725464], [-17.440758, 14.725679], [-17.441093, 14.72594], [-17.4416, 14.726301], [-17.441721, 14.726345], [-17.442094, 14.726481], [-17.442147, 14.7265], [-17.442226, 14.726519], [-17.442283, 14.726527], [-17.442589, 14.72657], [-17.443107, 14.726643], [-17.443171, 14.726652], [-17.44332, 14.726671], [-17.443423, 14.726685], [-17.443538, 14.726701], [-17.443701, 14.726723], [-17.443719, 14.726725], [-17.443793, 14.726732], [-17.444061, 14.726756], [-17.4442, 14.726767], [-17.444343, 14.726778], [-17.444767, 14.726866], [-17.44658, 14.727119], [-17.446605, 14.727123], [-17.446722, 14.72714], [-17.446752, 14.727145], [-17.447266, 14.727222], [-17.447491, 14.727256], [-17.44752, 14.727261], [-17.447938, 14.727324], [-17.447956, 14.727326], [-17.447973, 14.727329], [-17.448822, 14.727442], [-17.449434, 14.727524], [-17.449788, 14.727571], [-17.450991, 14.727732], [-17.452378, 14.727917], [-17.453788, 14.728105], [-17.454217, 14.728162], [-17.45456, 14.728215], [-17.455427, 14.728348], [-17.456456, 14.728506], [-17.45724, 14.728623], [-17.457243, 14.728628], [-17.457246, 14.728623], [-17.45725, 14.728624], [-17.457728, 14.728686], [-17.457733, 14.728685], [-17.458172, 14.728743], [-17.459776, 14.728955], [-17.460152, 14.729004], [-17.460221, 14.729014], [-17.461014, 14.729126], [-17.461033, 14.729128], [-17.461609, 14.729209], [-17.461609, 14.729209], [-17.462421, 14.729323], [-17.462861, 14.729385], [-17.463724, 14.729506], [-17.464182, 14.729661], [-17.464394, 14.729745], [-17.464459, 14.729771], [-17.464489, 14.729782], [-17.464489, 14.729783], [-17.465354, 14.730124], [-17.465878, 14.73033], [-17.466386, 14.730523], [-17.466586, 14.730601], [-17.467877, 14.731099], [-17.46866, 14.7314], [-17.469331, 14.731657], [-17.470256, 14.731996], [-17.470601, 14.732122], [-17.47102, 14.732278], [-17.471184, 14.732299], [-17.471389, 14.732303], [-17.471405, 14.732304], [-17.471419, 14.732304], [-17.471546, 14.732226], [-17.471582, 14.732203], [-17.471849, 14.732029], [-17.472304, 14.731731], [-17.472374, 14.731687], [-17.472739, 14.73146], [-17.472793, 14.731444], [-17.472805, 14.73144], [-17.472937, 14.731402], [-17.473142, 14.731341], [-17.473293, 14.732056], [-17.473388, 14.732671], [-17.473393, 14.732837], [-17.473418, 14.733603], [-17.473418, 14.733608], [-17.473357, 14.734304], [-17.47334, 14.734493], [-17.473217, 14.735355], [-17.472834, 14.736636], [-17.472409, 14.737716], [-17.472369, 14.737834], [-17.472369, 14.737835], [-17.472367, 14.737834], [-17.472362, 14.737848], [-17.472205, 14.738318], [-17.471929, 14.739141], [-17.471867, 14.739327], [-17.471601, 14.740039], [-17.471347, 14.740719], [-17.47123, 14.741118], [-17.471167, 14.741286], [-17.471149, 14.741329], [-17.470517, 14.742758], [-17.470152, 14.743318], [-17.470071, 14.743429], [-17.470022, 14.743514], [-17.469856, 14.743801], [-17.469322, 14.74441], [-17.468789, 14.744987], [-17.468396, 14.745298], [-17.468095, 14.745536], [-17.46743, 14.745956], [-17.467032, 14.74617], [-17.466771, 14.746303], [-17.46587, 14.746659], [-17.465777, 14.746729], [-17.46568, 14.74676], [-17.465584, 14.746792], [-17.465312, 14.746899], [-17.464268, 14.747319], [-17.463176, 14.747794], [-17.462923, 14.747913], [-17.462586, 14.748093], [-17.462472, 14.747947], [-17.462236, 14.747642], [-17.461898, 14.74731], [-17.461607, 14.747024], [-17.461292, 14.746759], [-17.461217, 14.746662], [-17.460786, 14.746438], [-17.460203, 14.746136], [-17.459974, 14.746018], [-17.459861, 14.745959], [-17.459303, 14.745767], [-17.458663, 14.745638], [-17.458108, 14.745553], [-17.457615, 14.745478], [-17.457482, 14.745457], [-17.457247, 14.745419]], [[-17.447965, 14.727382], [-17.447965, 14.727381], [-17.447964, 14.727382], [-17.447965, 14.727382]]]}, "properties": {"commune": "GRAND YOFF", "key": "GRAND YOFF", "population": 185503.0}}, {"type": "Feature", "geometry": {"type": "Polygon", "coordinates": [[[-17.458172, 14.728743], [-17.457733, 14.728685], [-17.457728, 14.728686], [-17.45725, 14.728624], [-17.457246, 14.728623], [-17.457274, 14.728576], [-17.457434, 14.728345], [-17.458197, 14.72744], [-17.45844, 14.727153], [-17.458777, 14.726773], [-17.459161, 14.726339], [-17.460079, 14.725303], [-17.46008, 14.725304], [-17.460095, 14.725287], [-17.460119, 14.72526], [-17.460407, 14.724944], [-17.460442, 14.724906], [-17.460578, 14.724756], [-17.460736, 14.724583], [-17.460736, 14.724581], [-17.460698, 14.724553], [-17.460221, 14.724136], [-17.458669, 14.722783], [-17.458047, 14.723109], [-17.457861, 14.722551], [-17.457308, 14.720891], [-17.457124, 14.720337], [-17.456672, 14.718983], [-17.456668, 14.718971], [-17.456209, 14.71765], [-17.456046, 14.71718], [-17.455815, 14.71722], [-17.455725, 14.717228], [-17.455455, 14.717231], [-17.455271, 14.717216], [-17.455073, 14.717197], [-17.455017, 14.71719], [-17.454351, 14.717117], [-17.454005, 14.717085], [-17.453968, 14.717117], [-17.453635, 14.717082], [-17.453084, 14.717007], [-17.453039, 14.717002], [-17.452259, 14.71691], [-17.451927, 14.716908], [-17.451564, 14.716968], [-17.451416, 14.717009], [-17.451942, 14.716406], [-17.451975, 14.71637], [-17.452875, 14.715341], [-17.452904, 14.715307], [-17.453455, 14.714677], [-17.453455, 14.714677], [-17.453475, 14.714655], [-17.453579, 14.714539], [-17.453915, 14.714163], [-17.454245, 14.713794], [-17.45452, 14.713487], [-17.454695, 14.713291], [-17.454833, 14.713136], [-17.455752, 14.712099], [-17.455764, 14.712085], [-17.455784, 14.712062], [-17.456792, 14.710925], [-17.456925, 14.710775], [-17.457126, 14.710547], [-17.457954, 14.709586], [-17.458178, 14.709325], [-17.458179, 14.709325], [-17.458179, 14.709324], [-17.458513, 14.708944], [-17.458517, 14.70894], [-17.460065, 14.70718], [-17.460076, 14.707193], [-17.460077, 14.707191], [-17.460098, 14.70721], [-17.460463, 14.707646], [-17.460465, 14.707648], [-17.460475, 14.70766], [-17.461085, 14.70839], [-17.461805, 14.70925], [-17.46194, 14.709411], [-17.461995, 14.709477], [-17.462315, 14.70986], [-17.462347, 14.709899], [-17.463641, 14.711445], [-17.461771, 14.71354], [-17.461768, 14.713543], [-17.461766, 14.713545], [-17.461425, 14.713927], [-17.461351, 14.714009], [-17.46119, 14.71419], [-17.460644, 14.714802], [-17.460643, 14.714802], [-17.45985, 14.715691], [-17.459849, 14.715691], [-17.459517, 14.716063], [-17.459144, 14.716481], [-17.458499, 14.717203], [-17.458842, 14.717487], [-17.458844, 14.717489], [-17.458859, 14.717501], [-17.459242, 14.717819], [-17.459246, 14.717821], [-17.459256, 14.71783], [-17.459628, 14.718139], [-17.459658, 14.718164], [-17.459664, 14.718168], [-17.460456, 14.718825], [-17.460458, 14.718826], [-17.46112, 14.719376], [-17.461121, 14.719376], [-17.461507, 14.719696], [-17.461263, 14.719961], [-17.461613, 14.720257], [-17.461617, 14.72026], [-17.462, 14.720582], [-17.462005, 14.720586], [-17.46281, 14.721265], [-17.462811, 14.721266], [-17.463059, 14.721474], [-17.463114, 14.721545], [-17.463236, 14.721702], [-17.463241, 14.72171], [-17.463333, 14.721806], [-17.463415, 14.721713], [-17.463415, 14.721713], [-17.463416, 14.721713], [-17.463418, 14.72171], [-17.46447, 14.720488], [-17.464611, 14.720323], [-17.465177, 14.719667], [-17.465912, 14.718812], [-17.465913, 14.718811], [-17.466163, 14.718415], [-17.466261, 14.718204], [-17.466335, 14.718044], [-17.466621, 14.717894], [-17.468668, 14.71682], [-17.469654, 14.716281], [-17.470462, 14.715839], [-17.471521, 14.715259], [-17.471539, 14.715277], [-17.471403, 14.717083], [-17.471395, 14.717196], [-17.471328, 14.718022], [-17.471202, 14.719574], [-17.471184, 14.719787], [-17.471086, 14.720996], [-17.47107, 14.721446], [-17.471052, 14.721917], [-17.471009, 14.723082], [-17.471001, 14.723303], [-17.471001, 14.723525], [-17.471007, 14.723747], [-17.47102, 14.723968], [-17.471022, 14.723987], [-17.471041, 14.724189], [-17.471068, 14.724409], [-17.471103, 14.724628], [-17.471144, 14.724846], [-17.471159, 14.72491], [-17.471193, 14.725063], [-17.471244, 14.725286], [-17.471302, 14.725507], [-17.47134, 14.725637], [-17.471366, 14.725727], [-17.471438, 14.725944], [-17.471516, 14.72616], [-17.471601, 14.726373], [-17.471956, 14.726761], [-17.472011, 14.72682], [-17.472276, 14.727109], [-17.472627, 14.728846], [-17.472651, 14.728962], [-17.472983, 14.73061], [-17.472997, 14.730677], [-17.473098, 14.731175], [-17.473137, 14.73131], [-17.473143, 14.731341], [-17.472739, 14.73146], [-17.472304, 14.731731], [-17.471582, 14.732203], [-17.471419, 14.732304], [-17.471184, 14.732299], [-17.471157, 14.732295], [-17.47102, 14.732278], [-17.470784, 14.732189], [-17.469331, 14.731657], [-17.469228, 14.731619], [-17.467806, 14.731071], [-17.466244, 14.73047], [-17.465881, 14.73033], [-17.465357, 14.730124], [-17.464489, 14.729782], [-17.464459, 14.729771], [-17.464394, 14.729745], [-17.464182, 14.729661], [-17.463724, 14.729506], [-17.462861, 14.729385], [-17.462421, 14.729323], [-17.461609, 14.729209], [-17.461609, 14.729209], [-17.461033, 14.729128], [-17.461014, 14.729126], [-17.460221, 14.729014], [-17.460152, 14.729004], [-17.459776, 14.728955], [-17.458172, 14.728743]]]}, "properties": {"commune": "SICAP LIBERTE", "key": "SICAP LIBERTE", "population": 47164.0}}, {"type": "Feature", "geometry": {"type": "Polygon", "coordinates": [[[-17.446112, 14.723545], [-17.446587, 14.722692], [-17.446604, 14.722661], [-17.447016, 14.72213], [-17.447225, 14.721889], [-17.447281, 14.721823], [-17.447341, 14.721755], [-17.447365, 14.721727], [-17.447397, 14.72169], [-17.447419, 14.721664], [-17.447497, 14.721568], [-17.447562, 14.72149], [-17.447666, 14.721362], [-17.447796, 14.721204], [-17.447795, 14.721203], [-17.447795, 14.721203], [-17.447799, 14.721198], [-17.447916, 14.721082], [-17.449424, 14.719316], [-17.449487, 14.719242], [-17.449492, 14.719236], [-17.45048, 14.718078], [-17.450491, 14.718066], [-17.451416, 14.717009], [-17.451564, 14.716968], [-17.451927, 14.716908], [-17.452259, 14.71691], [-17.453003, 14.716998], [-17.453039, 14.717002], [-17.453084, 14.717007], [-17.453635, 14.717082], [-17.453968, 14.717117], [-17.45398, 14.717106], [-17.454005, 14.717085], [-17.454351, 14.717117], [-17.455073, 14.717197], [-17.455271, 14.717216], [-17.455455, 14.717231], [-17.455725, 14.717228], [-17.455815, 14.71722], [-17.456046, 14.71718], [-17.456668, 14.718971], [-17.456672, 14.718983], [-17.457124, 14.720337], [-17.457308, 14.720891], [-17.457861, 14.722551], [-17.458047, 14.723109], [-17.458669, 14.722783], [-17.460221, 14.724136], [-17.460698, 14.724553], [-17.460736, 14.724581], [-17.460442, 14.724904], [-17.460407, 14.724942], [-17.460119, 14.725258], [-17.460079, 14.725303], [-17.459161, 14.726339], [-17.458777, 14.726773], [-17.45844, 14.727153], [-17.458197, 14.72744], [-17.457434, 14.728345], [-17.457274, 14.728576], [-17.457246, 14.728623], [-17.45724, 14.728623], [-17.456456, 14.728506], [-17.455427, 14.728348], [-17.45456, 14.728215], [-17.454245, 14.728166], [-17.454217, 14.728162], [-17.453788, 14.728105], [-17.452378, 14.727917], [-17.450991, 14.727732], [-17.449788, 14.727571], [-17.449434, 14.727524], [-17.448822, 14.727442], [-17.447973, 14.727329], [-17.447956, 14.727326], [-17.447938, 14.727324], [-17.44752, 14.727261], [-17.447491, 14.727256], [-17.447266, 14.727222], [-17.446752, 14.727145], [-17.446722, 14.72714], [-17.446605, 14.727123], [-17.44658, 14.727119], [-17.444767, 14.726866], [-17.444343, 14.726778], [-17.444343, 14.726778], [-17.444343, 14.726778], [-17.444354, 14.726762], [-17.444451, 14.726499], [-17.444543, 14.726318], [-17.444605, 14.726212], [-17.44471, 14.726033], [-17.444739, 14.725983], [-17.444826, 14.725836], [-17.444959, 14.725608], [-17.444965, 14.725598], [-17.445077, 14.725407], [-17.445108, 14.725351], [-17.445109, 14.725349], [-17.44521, 14.725167], [-17.445278, 14.725045], [-17.445453, 14.724729], [-17.445631, 14.724411], [-17.445633, 14.724408], [-17.445805, 14.724099], [-17.445968, 14.723803], [-17.446055, 14.723646], [-17.446055, 14.723646], [-17.44606, 14.723637], [-17.446091, 14.723582], [-17.446112, 14.723545]]]}, "properties": {"commune": "DIEUPPEUL DERKLE", "key": "DIEUPPEUL DERKLE", "population": 36917.0}}, {"type": "Feature", "geometry": {"type": "Polygon", "coordinates": [[[-17.424482, 14.744703], [-17.424446, 14.74449], [-17.424442, 14.744471], [-17.424402, 14.744328], [-17.424321, 14.744268], [-17.424184, 14.744163], [-17.42412, 14.744128], [-17.423862, 14.743985], [-17.423826, 14.74397], [-17.423718, 14.743925], [-17.423605, 14.743877], [-17.423542, 14.743847], [-17.423324, 14.743752], [-17.423285, 14.743723], [-17.423226, 14.74358], [-17.423225, 14.74358], [-17.423223, 14.743572], [-17.42322, 14.743564], [-17.42322, 14.743564], [-17.423139, 14.743352], [-17.423071, 14.743175], [-17.422906, 14.742743], [-17.422859, 14.742585], [-17.422775, 14.742298], [-17.42261, 14.741738], [-17.42251, 14.741401], [-17.422407, 14.74105], [-17.422357, 14.740882], [-17.422348, 14.740852], [-17.422298, 14.740565], [-17.42227, 14.740404], [-17.422258, 14.740337], [-17.422258, 14.740334], [-17.42221, 14.740062], [-17.422187, 14.74007], [-17.42216, 14.739881], [-17.422142, 14.739762], [-17.422139, 14.739738], [-17.422066, 14.739236], [-17.422055, 14.739166], [-17.421972, 14.73872], [-17.421921, 14.738446], [-17.421782, 14.737833], [-17.421741, 14.737662], [-17.421617, 14.737193], [-17.421441, 14.736525], [-17.421389, 14.736426], [-17.421356, 14.736224], [-17.421303, 14.736037], [-17.421234, 14.735787], [-17.421164, 14.735588], [-17.421158, 14.73559], [-17.421125, 14.735436], [-17.421122, 14.735424], [-17.421118, 14.73541], [-17.420999, 14.735034], [-17.420691, 14.734429], [-17.420686, 14.734419], [-17.420674, 14.734396], [-17.420667, 14.734385], [-17.420285, 14.73368], [-17.420176, 14.73348], [-17.420035, 14.73321], [-17.420029, 14.733213], [-17.419903, 14.733289], [-17.419447, 14.733563], [-17.419447, 14.733563], [-17.41886, 14.733929], [-17.418828, 14.733949], [-17.418476, 14.734167], [-17.417173, 14.734982], [-17.41701, 14.735076], [-17.415915, 14.735712], [-17.415868, 14.735739], [-17.415715, 14.735828], [-17.415689, 14.735846], [-17.415165, 14.736203], [-17.414466, 14.736589], [-17.414463, 14.736583], [-17.414463, 14.736583], [-17.414425, 14.736516], [-17.414369, 14.73638], [-17.413995, 14.735472], [-17.413898, 14.735222], [-17.413755, 14.734855], [-17.413619, 14.734505], [-17.413573, 14.734388], [-17.41331, 14.733546], [-17.413971, 14.733313], [-17.414274, 14.733206], [-17.414771, 14.73307], [-17.415492, 14.732756], [-17.415949, 14.732548], [-17.416028, 14.732513], [-17.416887, 14.732105], [-17.417397, 14.731823], [-17.417511, 14.731749], [-17.417819, 14.731605], [-17.418197, 14.731426], [-17.41858, 14.731245], [-17.418581, 14.731246], [-17.418857, 14.731105], [-17.418898, 14.731083], [-17.419432, 14.730793], [-17.419828, 14.730532], [-17.420179, 14.730256], [-17.42014, 14.7302], [-17.421178, 14.729548], [-17.421551, 14.729279], [-17.422175, 14.728884], [-17.422542, 14.728642], [-17.422893, 14.728391], [-17.423137, 14.728223], [-17.423166, 14.728203], [-17.423452, 14.727948], [-17.423729, 14.727726], [-17.423818, 14.727652], [-17.423963, 14.727527], [-17.424276, 14.727257], [-17.424387, 14.727161], [-17.424424, 14.727133], [-17.424961, 14.726727], [-17.425336, 14.726335], [-17.425667, 14.726074], [-17.425681, 14.725989], [-17.425838, 14.725783], [-17.426074, 14.725412], [-17.426456, 14.724777], [-17.426545, 14.724717], [-17.426644, 14.724637], [-17.42679, 14.724455], [-17.426998, 14.724169], [-17.427473, 14.723613], [-17.42748, 14.723609], [-17.427897, 14.723126], [-17.42835, 14.722642], [-17.428434, 14.722519], [-17.429028, 14.721738], [-17.429272, 14.721354], [-17.429525, 14.720855], [-17.429731, 14.72042], [-17.429741, 14.72039], [-17.429854, 14.719796], [-17.429983, 14.719438], [-17.430188, 14.718874], [-17.430382, 14.718332], [-17.430423, 14.718072], [-17.430501, 14.717762], [-17.430489, 14.717661], [-17.430504, 14.717615], [-17.430712, 14.716367], [-17.430888, 14.715247], [-17.430904, 14.714473], [-17.430871, 14.713675], [-17.430738, 14.71279], [-17.430505, 14.711786], [-17.430391, 14.711547], [-17.430386, 14.711535], [-17.430354, 14.711469], [-17.430377, 14.711393], [-17.430026, 14.710371], [-17.429655, 14.709645], [-17.429024, 14.708706], [-17.428253, 14.707848], [-17.428222, 14.707798], [-17.428205, 14.707782], [-17.428043, 14.707902], [-17.427727, 14.708022], [-17.427651, 14.708106], [-17.427558, 14.708107], [-17.427557, 14.708107], [-17.427352, 14.708143], [-17.427222, 14.708036], [-17.42717, 14.707911], [-17.42783, 14.707368], [-17.427857, 14.707346], [-17.427839, 14.707304], [-17.428009, 14.707144], [-17.428096, 14.70726], [-17.428181, 14.707267], [-17.428206, 14.70715], [-17.42823, 14.707017], [-17.42822, 14.706892], [-17.428175, 14.706726], [-17.428088, 14.706593], [-17.427983, 14.706378], [-17.427862, 14.706229], [-17.42774, 14.706088], [-17.427645, 14.705964], [-17.427515, 14.705849], [-17.427352, 14.705809], [-17.42724, 14.70581], [-17.427207, 14.705844], [-17.427147, 14.705861], [-17.427103, 14.705803], [-17.427103, 14.705753], [-17.42717, 14.705636], [-17.427031, 14.705446], [-17.426919, 14.70538], [-17.42673, 14.705324], [-17.426593, 14.705292], [-17.426507, 14.705335], [-17.426321, 14.705503], [-17.42627, 14.705504], [-17.42643, 14.705344], [-17.426301, 14.705253], [-17.426111, 14.705122], [-17.425814, 14.704888], [-17.425714, 14.70481], [-17.425727, 14.704979], [-17.425603, 14.705402], [-17.42542, 14.705735], [-17.425388, 14.706088], [-17.425273, 14.706272], [-17.425229, 14.7065], [-17.424809, 14.706676], [-17.424495, 14.70685], [-17.424297, 14.706862], [-17.424273, 14.706864], [-17.424172, 14.706757], [-17.423716, 14.706277], [-17.423135, 14.705645], [-17.423051, 14.705452], [-17.423054, 14.705423], [-17.422866, 14.705421], [-17.422441, 14.70555], [-17.422417, 14.70555], [-17.422392, 14.70555], [-17.422368, 14.70555], [-17.422343, 14.705551], [-17.422319, 14.705575], [-17.422294, 14.705575], [-17.422245, 14.705576], [-17.422221, 14.705576], [-17.422196, 14.705576], [-17.422172, 14.705576], [-17.422147, 14.705577], [-17.422098, 14.705577], [-17.422073, 14.705577], [-17.422049, 14.705601], [-17.422025, 14.705602], [-17.422, 14.705602], [-17.421975, 14.705602], [-17.421951, 14.705602], [-17.421926, 14.705603], [-17.421902, 14.705603], [-17.421853, 14.705604], [-17.421804, 14.705604], [-17.421804, 14.705628], [-17.421779, 14.705628], [-17.42173, 14.705629], [-17.421706, 14.705629], [-17.421656, 14.705629], [-17.421632, 14.705654], [-17.421608, 14.705654], [-17.421558, 14.705654], [-17.421534, 14.705655], [-17.42151, 14.705679], [-17.421461, 14.705679], [-17.421412, 14.705704], [-17.421363, 14.705704], [-17.421338, 14.705705], [-17.421313, 14.705705], [-17.421265, 14.705729], [-17.42124, 14.705729], [-17.421216, 14.70573], [-17.421191, 14.705754], [-17.421167, 14.705754], [-17.421142, 14.705778], [-17.421118, 14.705779], [-17.421069, 14.705803], [-17.421044, 14.705803], [-17.42102, 14.705827], [-17.420971, 14.705828], [-17.420946, 14.705828], [-17.420922, 14.705828], [-17.420922, 14.705852], [-17.420898, 14.705876], [-17.420873, 14.705877], [-17.420849, 14.705901], [-17.420824, 14.705901], [-17.420751, 14.705926], [-17.420727, 14.705926], [-17.420677, 14.705927], [-17.420653, 14.705927], [-17.420653, 14.705951], [-17.420629, 14.705951], [-17.420604, 14.705951], [-17.420579, 14.705951], [-17.420531, 14.705976], [-17.420506, 14.705976], [-17.420506, 14.706], [-17.420457, 14.706024], [-17.420433, 14.706025], [-17.420408, 14.706025], [-17.420384, 14.706025], [-17.420384, 14.706049], [-17.420335, 14.706074], [-17.420311, 14.706074], [-17.420286, 14.706098], [-17.420238, 14.706122], [-17.420213, 14.706123], [-17.420213, 14.706147], [-17.420189, 14.706147], [-17.420164, 14.706147], [-17.420115, 14.706171], [-17.420091, 14.706172], [-17.420066, 14.706196], [-17.420042, 14.706196], [-17.420018, 14.70622], [-17.419968, 14.706221], [-17.419944, 14.706245], [-17.419895, 14.706245], [-17.419895, 14.706269], [-17.419871, 14.70627], [-17.419846, 14.706294], [-17.419822, 14.706294], [-17.419797, 14.706294], [-17.419773, 14.706318], [-17.419749, 14.706319], [-17.419724, 14.706319], [-17.4197, 14.706343], [-17.419675, 14.706343], [-17.419651, 14.706368], [-17.419626, 14.706368], [-17.419602, 14.706392], [-17.419553, 14.706416], [-17.419529, 14.706417], [-17.419504, 14.706417], [-17.419504, 14.706441], [-17.419455, 14.706441], [-17.419431, 14.706465], [-17.419407, 14.70649], [-17.419333, 14.706514], [-17.419309, 14.706538], [-17.419284, 14.706539], [-17.41926, 14.706563], [-17.419236, 14.706587], [-17.419211, 14.706587], [-17.419187, 14.706587], [-17.419162, 14.706588], [-17.419113, 14.706612], [-17.419064, 14.706613], [-17.41904, 14.706637], [-17.418991, 14.706637], [-17.418942, 14.706638], [-17.418892, 14.706638], [-17.418868, 14.706639], [-17.418819, 14.706663], [-17.418795, 14.706663], [-17.418746, 14.706688], [-17.418721, 14.706688], [-17.418697, 14.706712], [-17.418672, 14.706712], [-17.418673, 14.706736], [-17.418648, 14.70676], [-17.418624, 14.706809], [-17.418624, 14.706832], [-17.418576, 14.706857], [-17.418576, 14.706881], [-17.418576, 14.706905], [-17.418552, 14.706929], [-17.418527, 14.706929], [-17.418503, 14.706953], [-17.418479, 14.706977], [-17.418454, 14.707002], [-17.41843, 14.707002], [-17.418381, 14.707026], [-17.418332, 14.707051], [-17.418332, 14.707074], [-17.418308, 14.707075], [-17.418259, 14.707123], [-17.418235, 14.707123], [-17.41821, 14.707124], [-17.418186, 14.707148], [-17.418161, 14.707148], [-17.418113, 14.707172], [-17.418039, 14.707173], [-17.41799, 14.707174], [-17.417941, 14.707174], [-17.417916, 14.707174], [-17.417867, 14.707175], [-17.417842, 14.707175], [-17.417818, 14.707175], [-17.417769, 14.707176], [-17.417744, 14.707176], [-17.41772, 14.707176], [-17.417719, 14.707153], [-17.41767, 14.707153], [-17.417646, 14.707153], [-17.417596, 14.70713], [-17.417572, 14.70713], [-17.417547, 14.707107], [-17.417522, 14.707083], [-17.417498, 14.707083], [-17.417448, 14.707036], [-17.417448, 14.707012], [-17.417423, 14.706988], [-17.417398, 14.706965], [-17.417373, 14.706941], [-17.417373, 14.706917], [-17.417348, 14.70687], [-17.417347, 14.706822], [-17.417347, 14.706774], [-17.417347, 14.70675], [-17.417346, 14.706726], [-17.417346, 14.706702], [-17.417346, 14.706678], [-17.417345, 14.706655], [-17.417345, 14.706607], [-17.417344, 14.706559], [-17.417344, 14.706535], [-17.417344, 14.706487], [-17.417343, 14.706463], [-17.417343, 14.706439], [-17.417343, 14.706416], [-17.417343, 14.706392], [-17.417342, 14.706344], [-17.417342, 14.70632], [-17.417342, 14.706296], [-17.417341, 14.706272], [-17.417341, 14.706248], [-17.417341, 14.706224], [-17.41734, 14.7062], [-17.41734, 14.706177], [-17.41734, 14.706129], [-17.417339, 14.706105], [-17.417339, 14.706081], [-17.417339, 14.706057], [-17.417363, 14.706033], [-17.417363, 14.706009], [-17.417387, 14.705985], [-17.417387, 14.705961], [-17.417387, 14.705937], [-17.417386, 14.705913], [-17.417386, 14.705889], [-17.417386, 14.705865], [-17.417385, 14.705817], [-17.41741, 14.705793], [-17.417409, 14.705769], [-17.417409, 14.705746], [-17.417409, 14.705698], [-17.417408, 14.705626], [-17.417408, 14.705602], [-17.417407, 14.705578], [-17.417407, 14.705554], [-17.417407, 14.70553], [-17.417407, 14.705507], [-17.417406, 14.705483], [-17.417406, 14.705459], [-17.417406, 14.705435], [-17.417405, 14.705387], [-17.417405, 14.705363], [-17.417429, 14.705315], [-17.417429, 14.705291], [-17.417428, 14.705267], [-17.417428, 14.705243], [-17.417428, 14.705196], [-17.417427, 14.705172], [-17.417451, 14.705124], [-17.417451, 14.7051], [-17.417451, 14.705076], [-17.417451, 14.705052], [-17.41745, 14.705028], [-17.41745, 14.705004], [-17.417474, 14.704932], [-17.417474, 14.704908], [-17.417473, 14.70486], [-17.417497, 14.704836], [-17.417497, 14.704812], [-17.417497, 14.704788], [-17.417521, 14.70474], [-17.417521, 14.704717], [-17.41752, 14.704693], [-17.417544, 14.704621], [-17.417544, 14.704573], [-17.417568, 14.704525], [-17.417567, 14.704477], [-17.417567, 14.704429], [-17.417566, 14.704405], [-17.417566, 14.704357], [-17.417566, 14.704334], [-17.417565, 14.70431], [-17.417564, 14.704238], [-17.417564, 14.704214], [-17.417563, 14.704142], [-17.417563, 14.704118], [-17.417563, 14.704095], [-17.417562, 14.704047], [-17.417562, 14.703999], [-17.417562, 14.703975], [-17.417561, 14.703951], [-17.417561, 14.703903], [-17.41756, 14.703856], [-17.417535, 14.703784], [-17.417535, 14.70376], [-17.417534, 14.703736], [-17.417534, 14.703689], [-17.417534, 14.703665], [-17.417533, 14.703641], [-17.417509, 14.703617], [-17.417508, 14.703593], [-17.417508, 14.703545], [-17.417507, 14.703498], [-17.417482, 14.70345], [-17.417457, 14.703379], [-17.417457, 14.703355], [-17.417432, 14.703355], [-17.417432, 14.703331], [-17.417407, 14.703307], [-17.417382, 14.703284], [-17.417382, 14.703236], [-17.417357, 14.703236], [-17.417332, 14.703189], [-17.417332, 14.703165], [-17.417307, 14.703141], [-17.417307, 14.703117], [-17.417306, 14.703069], [-17.417306, 14.703045], [-17.417305, 14.702998], [-17.41728, 14.702974], [-17.41728, 14.702926], [-17.417255, 14.702879], [-17.417254, 14.702831], [-17.417254, 14.702807], [-17.417253, 14.702759], [-17.417253, 14.702735], [-17.417228, 14.702688], [-17.417228, 14.70264], [-17.417227, 14.702616], [-17.417202, 14.702569], [-17.417202, 14.702545], [-17.417202, 14.702521], [-17.417201, 14.702497], [-17.417201, 14.702473], [-17.417201, 14.702449], [-17.417176, 14.702425], [-17.417176, 14.702401], [-17.417176, 14.702378], [-17.417151, 14.702354], [-17.417151, 14.70233], [-17.41715, 14.702282], [-17.41715, 14.702258], [-17.417149, 14.702234], [-17.417149, 14.702211], [-17.417124, 14.702187], [-17.417124, 14.702163], [-17.417124, 14.702139], [-17.417099, 14.702115], [-17.417074, 14.702092], [-17.417049, 14.702044], [-17.417024, 14.702021], [-17.416975, 14.701973], [-17.416974, 14.701949], [-17.416974, 14.701925], [-17.41695, 14.701926], [-17.416949, 14.701878], [-17.416924, 14.701854], [-17.416899, 14.701807], [-17.416875, 14.701807], [-17.416874, 14.701759], [-17.416873, 14.701687], [-17.416873, 14.701664], [-17.416873, 14.701616], [-17.416872, 14.701568], [-17.416871, 14.70152], [-17.416871, 14.701496], [-17.416871, 14.701472], [-17.416895, 14.701448], [-17.416895, 14.701424], [-17.416895, 14.7014], [-17.416919, 14.701376], [-17.416944, 14.701376], [-17.416943, 14.701352], [-17.416968, 14.701328], [-17.416992, 14.701304], [-17.417016, 14.701304], [-17.417016, 14.70128], [-17.417041, 14.701279], [-17.41704, 14.701255], [-17.417065, 14.701255], [-17.41709, 14.701255], [-17.417114, 14.701231], [-17.417114, 14.701207], [-17.417138, 14.701207], [-17.417163, 14.701206], [-17.417187, 14.701206], [-17.417187, 14.701182], [-17.417212, 14.701182], [-17.417236, 14.701182], [-17.417261, 14.701181], [-17.417285, 14.701157], [-17.41731, 14.701157], [-17.417334, 14.701157], [-17.417358, 14.701133], [-17.417407, 14.701132], [-17.417456, 14.701108], [-17.417481, 14.701107], [-17.41753, 14.701107], [-17.417579, 14.701106], [-17.417628, 14.701106], [-17.417677, 14.701105], [-17.417702, 14.701105], [-17.417726, 14.701105], [-17.417751, 14.701105], [-17.417775, 14.701081], [-17.417873, 14.701056], [-17.417947, 14.701055], [-17.417996, 14.70103], [-17.41802, 14.70103], [-17.418094, 14.701029], [-17.418143, 14.701029], [-17.418192, 14.701028], [-17.418241, 14.701004], [-17.41829, 14.701003], [-17.418364, 14.701003], [-17.418388, 14.700978], [-17.418437, 14.700978], [-17.418486, 14.700977], [-17.418535, 14.700977], [-17.418585, 14.700976], [-17.418633, 14.700952], [-17.418658, 14.700952], [-17.418707, 14.700927], [-17.418756, 14.700927], [-17.418805, 14.700926], [-17.41883, 14.700926], [-17.418854, 14.700926], [-17.418903, 14.700925], [-17.418928, 14.700925], [-17.418977, 14.700925], [-17.419026, 14.7009], [-17.41905, 14.7009], [-17.419124, 14.700875], [-17.419148, 14.700875], [-17.419173, 14.700875], [-17.419197, 14.700874], [-17.419222, 14.700874], [-17.419246, 14.700874], [-17.419271, 14.700874], [-17.41932, 14.700849], [-17.419344, 14.700849], [-17.419369, 14.700849], [-17.419394, 14.700848], [-17.419418, 14.700824], [-17.419442, 14.700824], [-17.419491, 14.7008], [-17.419516, 14.700799], [-17.41954, 14.700799], [-17.419565, 14.700775], [-17.419589, 14.700775], [-17.419614, 14.700774], [-17.419638, 14.700774], [-17.419687, 14.70075], [-17.419736, 14.700725], [-17.419785, 14.700701], [-17.419809, 14.700701], [-17.419907, 14.700676], [-17.419932, 14.700652], [-17.419981, 14.700651], [-17.42003, 14.700627], [-17.420054, 14.700626], [-17.420079, 14.700626], [-17.420103, 14.700602], [-17.420128, 14.700602], [-17.420177, 14.700601], [-17.42025, 14.700577], [-17.420274, 14.700552], [-17.420348, 14.700552], [-17.420373, 14.700551], [-17.420372, 14.700528], [-17.420397, 14.700527], [-17.420421, 14.700503], [-17.420446, 14.700503], [-17.42047, 14.700503], [-17.42047, 14.700479], [-17.420495, 14.700478], [-17.420519, 14.700454], [-17.420568, 14.70043], [-17.420616, 14.700382], [-17.420641, 14.700381], [-17.42069, 14.700357], [-17.420714, 14.700333], [-17.420739, 14.700332], [-17.420763, 14.700308], [-17.420811, 14.70026], [-17.420836, 14.700236], [-17.42086, 14.700236], [-17.420871, 14.700225], [-17.420909, 14.700187], [-17.420933, 14.700187], [-17.420982, 14.700187], [-17.421031, 14.700162], [-17.42108, 14.700138], [-17.42108, 14.700114], [-17.421055, 14.700114], [-17.421274, 14.699897], [-17.421298, 14.699872], [-17.421298, 14.699849], [-17.421323, 14.699848], [-17.421347, 14.699848], [-17.421347, 14.699824], [-17.421371, 14.699824], [-17.421371, 14.6998], [-17.421395, 14.699776], [-17.421444, 14.699751], [-17.421468, 14.699703], [-17.421493, 14.699703], [-17.421493, 14.699679], [-17.421517, 14.699679], [-17.421541, 14.699631], [-17.421566, 14.699631], [-17.421565, 14.699607], [-17.42159, 14.699606], [-17.421614, 14.699582], [-17.421639, 14.699558], [-17.421663, 14.699558], [-17.421687, 14.69951], [-17.421712, 14.69951], [-17.421711, 14.699486], [-17.421736, 14.699485], [-17.42176, 14.699437], [-17.421785, 14.699437], [-17.421809, 14.699389], [-17.421833, 14.699341], [-17.421857, 14.699317], [-17.421881, 14.699293], [-17.421881, 14.699269], [-17.42193, 14.69922], [-17.421929, 14.699197], [-17.421953, 14.699149], [-17.421978, 14.699148], [-17.422002, 14.699124], [-17.422002, 14.6991], [-17.422026, 14.699076], [-17.422051, 14.699052], [-17.422075, 14.699028], [-17.422099, 14.699004], [-17.422148, 14.698955], [-17.422147, 14.698931], [-17.422172, 14.698931], [-17.422196, 14.698883], [-17.42222, 14.698859], [-17.422269, 14.698811], [-17.422269, 14.698787], [-17.422293, 14.698739], [-17.422317, 14.698714], [-17.422316, 14.698667], [-17.422389, 14.698594], [-17.422389, 14.698546], [-17.422438, 14.698522], [-17.422462, 14.698498], [-17.422486, 14.698474], [-17.422486, 14.69845], [-17.422559, 14.698425], [-17.422608, 14.698401], [-17.422633, 14.6984], [-17.422682, 14.6984], [-17.422731, 14.698375], [-17.42278, 14.698375], [-17.422804, 14.698351], [-17.422853, 14.69835], [-17.422878, 14.69835], [-17.422927, 14.698326], [-17.422951, 14.698325], [-17.423, 14.698301], [-17.423024, 14.698277], [-17.423024, 14.698253], [-17.423073, 14.698228], [-17.423073, 14.698205], [-17.423097, 14.69818], [-17.423145, 14.698132], [-17.423145, 14.698108], [-17.423194, 14.698036], [-17.423193, 14.698012], [-17.423218, 14.697988], [-17.423217, 14.697964], [-17.423242, 14.69794], [-17.423241, 14.697916], [-17.423241, 14.697892], [-17.423265, 14.697844], [-17.423289, 14.69782], [-17.423289, 14.697796], [-17.423313, 14.697772], [-17.423313, 14.697748], [-17.423337, 14.697724], [-17.423337, 14.6977], [-17.423337, 14.697676], [-17.423361, 14.697676], [-17.423361, 14.697628], [-17.423385, 14.697628], [-17.423385, 14.697604], [-17.423385, 14.69758], [-17.423385, 14.697556], [-17.423384, 14.697532], [-17.423408, 14.697484], [-17.423408, 14.697436], [-17.423408, 14.697412], [-17.423407, 14.697364], [-17.423407, 14.697341], [-17.423407, 14.697317], [-17.423431, 14.697293], [-17.423431, 14.697269], [-17.42343, 14.697245], [-17.423454, 14.697197], [-17.423454, 14.697173], [-17.423454, 14.697149], [-17.423454, 14.697125], [-17.423478, 14.697101], [-17.423478, 14.697077], [-17.423477, 14.697053], [-17.423502, 14.697029], [-17.423501, 14.696981], [-17.423501, 14.696957], [-17.423501, 14.696933], [-17.423525, 14.696909], [-17.423525, 14.696885], [-17.423549, 14.696837], [-17.423548, 14.696813], [-17.423548, 14.696789], [-17.423548, 14.696765], [-17.423548, 14.696742], [-17.423572, 14.696741], [-17.423572, 14.696693], [-17.423571, 14.69667], [-17.423571, 14.696646], [-17.423596, 14.696645], [-17.423595, 14.696621], [-17.42362, 14.696597], [-17.423619, 14.69655], [-17.423619, 14.696526], [-17.423619, 14.696502], [-17.423643, 14.696478], [-17.423642, 14.69643], [-17.423667, 14.69643], [-17.423691, 14.696381], [-17.423691, 14.696358], [-17.423715, 14.696333], [-17.423715, 14.696309], [-17.423739, 14.696285], [-17.423763, 14.696261], [-17.423763, 14.696237], [-17.423763, 14.696213], [-17.423787, 14.696189], [-17.423787, 14.696165], [-17.423811, 14.696141], [-17.423835, 14.696117], [-17.423835, 14.696093], [-17.423859, 14.696045], [-17.423884, 14.696045], [-17.423883, 14.696021], [-17.423907, 14.695973], [-17.423932, 14.695949], [-17.423956, 14.695925], [-17.423956, 14.695901], [-17.42398, 14.695876], [-17.424004, 14.695852], [-17.424004, 14.695828], [-17.424028, 14.695804], [-17.424028, 14.69578], [-17.424052, 14.695756], [-17.424077, 14.695732], [-17.424101, 14.695684], [-17.424125, 14.69566], [-17.424125, 14.695636], [-17.424149, 14.695612], [-17.424173, 14.695588], [-17.424173, 14.695564], [-17.424197, 14.69554], [-17.424197, 14.695516], [-17.424221, 14.695491], [-17.42427, 14.695467], [-17.42427, 14.695443], [-17.42427, 14.695419], [-17.424294, 14.695419], [-17.424294, 14.695395], [-17.424318, 14.695371], [-17.424343, 14.695347], [-17.424367, 14.695299], [-17.424391, 14.695275], [-17.42444, 14.69525], [-17.424439, 14.695202], [-17.424464, 14.695202], [-17.424488, 14.695178], [-17.424512, 14.695106], [-17.424512, 14.695082], [-17.424511, 14.695058], [-17.424511, 14.69501], [-17.42451, 14.694963], [-17.42451, 14.694939], [-17.42451, 14.694915], [-17.424509, 14.694891], [-17.424509, 14.694867], [-17.424509, 14.694843], [-17.424509, 14.694819], [-17.424484, 14.694796], [-17.424484, 14.694772], [-17.424459, 14.694748], [-17.424434, 14.6947], [-17.424433, 14.694677], [-17.424409, 14.694653], [-17.424384, 14.694629], [-17.424384, 14.694605], [-17.424359, 14.694606], [-17.424358, 14.694558], [-17.424334, 14.694558], [-17.424309, 14.694511], [-17.424284, 14.694487], [-17.424283, 14.694439], [-17.424234, 14.694416], [-17.424234, 14.694368], [-17.424208, 14.69432], [-17.424183, 14.694273], [-17.424183, 14.694249], [-17.424158, 14.694201], [-17.424133, 14.694178], [-17.424108, 14.69413], [-17.424084, 14.69413], [-17.424083, 14.694083], [-17.424058, 14.694059], [-17.424058, 14.694035], [-17.424033, 14.694011], [-17.424008, 14.693988], [-17.424008, 14.693964], [-17.423983, 14.69394], [-17.423983, 14.693916], [-17.423958, 14.693893], [-17.423933, 14.693845], [-17.423933, 14.693797], [-17.423883, 14.693774], [-17.423883, 14.69375], [-17.423883, 14.693726], [-17.423882, 14.693702], [-17.423833, 14.693631], [-17.423832, 14.693607], [-17.423832, 14.693583], [-17.423807, 14.693536], [-17.423807, 14.693512], [-17.423806, 14.693488], [-17.423782, 14.693464], [-17.423757, 14.693441], [-17.423756, 14.693393], [-17.423732, 14.693393], [-17.423707, 14.693369], [-17.423707, 14.693346], [-17.423706, 14.693322], [-17.423682, 14.693298], [-17.423681, 14.693274], [-17.423681, 14.69325], [-17.423681, 14.693226], [-17.423656, 14.693179], [-17.423655, 14.693155], [-17.423655, 14.693131], [-17.42363, 14.693107], [-17.423605, 14.69306], [-17.42353, 14.692965], [-17.423456, 14.692846], [-17.423406, 14.692775], [-17.423381, 14.692775], [-17.423181, 14.692467], [-17.423181, 14.692443], [-17.423156, 14.692419], [-17.423131, 14.692395], [-17.423107, 14.692396], [-17.423106, 14.692372], [-17.423106, 14.692348], [-17.423082, 14.692348], [-17.423081, 14.692324], [-17.423057, 14.692301], [-17.423032, 14.692277], [-17.423032, 14.692253], [-17.423006, 14.692205], [-17.422982, 14.692206], [-17.422957, 14.692182], [-17.422907, 14.692111], [-17.422882, 14.692087], [-17.422882, 14.692063], [-17.422882, 14.692039], [-17.422857, 14.69204], [-17.422832, 14.692016], [-17.422832, 14.691992], [-17.422807, 14.691969], [-17.422783, 14.691945], [-17.422758, 14.691921], [-17.422733, 14.691874], [-17.422708, 14.691826], [-17.422683, 14.691803], [-17.422633, 14.691779], [-17.422633, 14.691755], [-17.422633, 14.691731], [-17.422583, 14.691684], [-17.422558, 14.69166], [-17.422558, 14.691636], [-17.422533, 14.691613], [-17.422508, 14.691589], [-17.422483, 14.691542], [-17.422459, 14.691518], [-17.422434, 14.69147], [-17.422408, 14.691423], [-17.422408, 14.691399], [-17.422383, 14.691375], [-17.422358, 14.691328], [-17.422333, 14.691304], [-17.422309, 14.691281], [-17.422284, 14.691257], [-17.422284, 14.691233], [-17.422259, 14.691233], [-17.422259, 14.691209], [-17.422234, 14.691186], [-17.422209, 14.691162], [-17.422209, 14.691138], [-17.422184, 14.691138], [-17.422184, 14.691115], [-17.422184, 14.691091], [-17.422159, 14.691091], [-17.422159, 14.691067], [-17.422134, 14.691067], [-17.422134, 14.691019], [-17.422109, 14.690972], [-17.422084, 14.690948], [-17.422084, 14.690924], [-17.422083, 14.6909], [-17.422083, 14.690877], [-17.422083, 14.690853], [-17.422058, 14.690829], [-17.422033, 14.690805], [-17.422033, 14.690781], [-17.422033, 14.690758], [-17.422008, 14.69071], [-17.421983, 14.690686], [-17.421958, 14.690615], [-17.421933, 14.690591], [-17.421908, 14.690568], [-17.421908, 14.690544], [-17.421883, 14.690496], [-17.421882, 14.690448], [-17.421882, 14.690424], [-17.421881, 14.690377], [-17.421881, 14.690329], [-17.42188, 14.690257], [-17.421879, 14.690138], [-17.421878, 14.69009], [-17.421877, 14.689994], [-17.421877, 14.68997], [-17.421876, 14.689946], [-17.421876, 14.689899], [-17.421875, 14.689851], [-17.421875, 14.689827], [-17.421899, 14.689803], [-17.421899, 14.689755], [-17.421899, 14.689731], [-17.421898, 14.689707], [-17.421898, 14.689659], [-17.421922, 14.689611], [-17.421922, 14.689587], [-17.421946, 14.689539], [-17.421945, 14.689515], [-17.421945, 14.689468], [-17.421945, 14.689444], [-17.421944, 14.68942], [-17.421992, 14.689324], [-17.421992, 14.6893], [-17.421992, 14.689276], [-17.421992, 14.689252], [-17.42204, 14.689204], [-17.42204, 14.68918], [-17.422039, 14.689132], [-17.422064, 14.689108], [-17.422063, 14.68906], [-17.422062, 14.688988], [-17.422062, 14.688964], [-17.422087, 14.688964], [-17.422086, 14.688916], [-17.422086, 14.688893], [-17.422085, 14.688845], [-17.422085, 14.688797], [-17.422085, 14.688773], [-17.422084, 14.688725], [-17.422108, 14.688701], [-17.422108, 14.688677], [-17.422108, 14.688653], [-17.422108, 14.688629], [-17.422107, 14.688605], [-17.422107, 14.688582], [-17.422107, 14.688558], [-17.422106, 14.688534], [-17.422131, 14.68851], [-17.422131, 14.688486], [-17.42213, 14.688438], [-17.422129, 14.688342], [-17.422129, 14.688318], [-17.422198, 14.687959], [-17.41957, 14.685668], [-17.419687, 14.682894], [-17.420461, 14.678789], [-17.42083, 14.678842], [-17.42035, 14.683415], [-17.421339, 14.684244], [-17.42164, 14.682013], [-17.422092, 14.682065], [-17.421844, 14.684496], [-17.423112, 14.685516], [-17.424085, 14.682886], [-17.425841, 14.683518], [-17.428742, 14.689188], [-17.428123, 14.690976], [-17.428644, 14.691466], [-17.42879, 14.691345], [-17.429309, 14.689965], [-17.429704, 14.690158], [-17.429164, 14.691873], [-17.429604, 14.692209], [-17.429744, 14.692136], [-17.431156, 14.688189], [-17.432487, 14.688641], [-17.432075, 14.690861], [-17.432531, 14.690952], [-17.432993, 14.689477], [-17.434274, 14.685424], [-17.434021, 14.683777], [-17.434134, 14.683756], [-17.434115, 14.683586], [-17.437638, 14.684851], [-17.437701, 14.68474], [-17.437792, 14.684563], [-17.437838, 14.684474], [-17.438231, 14.683884], [-17.438494, 14.68361], [-17.439417, 14.682792], [-17.43944, 14.682771], [-17.439444, 14.682768], [-17.439719, 14.682523], [-17.44032, 14.683377], [-17.440481, 14.683636], [-17.440626, 14.683872], [-17.440721, 14.684016], [-17.440792, 14.684168], [-17.440871, 14.684335], [-17.440935, 14.684471], [-17.440993, 14.684591], [-17.441166, 14.68508], [-17.441277, 14.685392], [-17.441416, 14.685981], [-17.441457, 14.68615], [-17.44174, 14.687313], [-17.44181, 14.687604], [-17.442136, 14.688949], [-17.442224, 14.689292], [-17.442265, 14.68945], [-17.442605, 14.690933], [-17.44266, 14.691415], [-17.442662, 14.692094], [-17.442645, 14.692347], [-17.44263, 14.692572], [-17.442518, 14.694201], [-17.442445, 14.695259], [-17.442408, 14.695785], [-17.442376, 14.696241], [-17.442355, 14.696618], [-17.442286, 14.697964], [-17.442177, 14.697962], [-17.442176, 14.697974], [-17.442176, 14.697974], [-17.44217, 14.698658], [-17.442058, 14.701325], [-17.442041, 14.701721], [-17.442041, 14.701726], [-17.441814, 14.70537], [-17.441681, 14.707205], [-17.441598, 14.708363], [-17.44149, 14.709858], [-17.441488, 14.709891], [-17.441425, 14.710955], [-17.441387, 14.711601], [-17.441363, 14.711998], [-17.441363, 14.711998], [-17.441363, 14.712003], [-17.441362, 14.712016], [-17.441362, 14.712016], [-17.441306, 14.712973], [-17.441236, 14.714159], [-17.441225, 14.714311], [-17.441133, 14.715663], [-17.441072, 14.716563], [-17.441065, 14.716656], [-17.440944, 14.718424], [-17.440944, 14.718425], [-17.440942, 14.718464], [-17.440941, 14.718473], [-17.440907, 14.718843], [-17.440776, 14.720241], [-17.440729, 14.720746], [-17.440663, 14.72194], [-17.440543, 14.724135], [-17.440537, 14.724264], [-17.440483, 14.725464], [-17.440465, 14.72545], [-17.44046, 14.725517], [-17.440461, 14.725517], [-17.440391, 14.726679], [-17.440361, 14.727178], [-17.440298, 14.728131], [-17.440261, 14.728675], [-17.44026, 14.728685], [-17.440165, 14.730099], [-17.440121, 14.730749], [-17.440117, 14.730804], [-17.440072, 14.731465], [-17.440063, 14.731595], [-17.439993, 14.732651], [-17.439944, 14.733535], [-17.439927, 14.733831], [-17.439855, 14.735133], [-17.43983, 14.73553], [-17.439804, 14.735955], [-17.439771, 14.736445], [-17.439764, 14.736547], [-17.439741, 14.736838], [-17.439654, 14.737571], [-17.439628, 14.73779], [-17.439567, 14.738092], [-17.439534, 14.738221], [-17.439374, 14.73884], [-17.439339, 14.738918], [-17.439263, 14.739088], [-17.439115, 14.739416], [-17.438796, 14.739994], [-17.438757, 14.740059], [-17.438565, 14.740371], [-17.438422, 14.740615], [-17.43839, 14.740647], [-17.438098, 14.740937], [-17.437987, 14.741047], [-17.43792, 14.741113], [-17.437545, 14.741487], [-17.437417, 14.741577], [-17.437096, 14.741761], [-17.436864, 14.741893], [-17.436306, 14.742211], [-17.435861, 14.74232], [-17.435753, 14.742346], [-17.434393, 14.742679], [-17.434145, 14.742726], [-17.43409, 14.742736], [-17.433909, 14.742776], [-17.433409, 14.742886], [-17.433108, 14.742953], [-17.432575, 14.74307], [-17.432166, 14.74316], [-17.431781, 14.743245], [-17.43111, 14.743393], [-17.430671, 14.74349], [-17.43031, 14.743574], [-17.429371, 14.743795], [-17.42937, 14.743797], [-17.429243, 14.743825], [-17.428302, 14.744046], [-17.428187, 14.744073], [-17.427922, 14.744135], [-17.426246, 14.744529], [-17.426244, 14.744529], [-17.425565, 14.744714], [-17.42496, 14.74488], [-17.424595, 14.744979], [-17.424507, 14.745004], [-17.424506, 14.745004], [-17.424505, 14.745004], [-17.424503, 14.744972], [-17.424488, 14.744755], [-17.424488, 14.744738], [-17.424482, 14.744703], [-17.424482, 14.744703]], [[-17.420135, 14.73315], [-17.420468, 14.732946], [-17.420126, 14.733155], [-17.420135, 14.73315]]]}, "properties": {"commune": "HANN  BEL AIR", "key": "HANN BEL AIR", "population": 67962.0}}, {"type": "Feature", "geometry": {"type": "Polygon", "coordinates": [[[-17.44217, 14.698658], [-17.442176, 14.697965], [-17.442286, 14.697964], [-17.442285, 14.697974], [-17.443726, 14.697969], [-17.443932, 14.697968], [-17.444108, 14.697964], [-17.444195, 14.697934], [-17.444212, 14.697928], [-17.44424, 14.697919], [-17.444382, 14.69786], [-17.444465, 14.697826], [-17.444694, 14.697731], [-17.444844, 14.69767], [-17.445228, 14.697545], [-17.445454, 14.697497], [-17.445531, 14.69748], [-17.445785, 14.697513], [-17.445915, 14.697537], [-17.44605, 14.69755], [-17.446306, 14.697634], [-17.446499, 14.697733], [-17.446687, 14.697852], [-17.44687, 14.697981], [-17.446938, 14.698046], [-17.446944, 14.698041], [-17.446944, 14.698046], [-17.447032, 14.698091], [-17.447188, 14.698193], [-17.44729, 14.698259], [-17.447232, 14.699275], [-17.447156, 14.700604], [-17.447076, 14.70202], [-17.447075, 14.702036], [-17.446934, 14.703926], [-17.446913, 14.704244], [-17.446887, 14.704648], [-17.446883, 14.704701], [-17.446879, 14.704722], [-17.446814, 14.705718], [-17.446814, 14.705721], [-17.446816, 14.705721], [-17.446739, 14.706961], [-17.446712, 14.707392], [-17.44667, 14.708061], [-17.446547, 14.710038], [-17.446543, 14.7101], [-17.446524, 14.710166], [-17.446427, 14.711443], [-17.446423, 14.7115], [-17.446387, 14.711967], [-17.446385, 14.712003], [-17.446309, 14.713056], [-17.446306, 14.71309], [-17.446302, 14.713153], [-17.4463, 14.713174], [-17.446251, 14.713853], [-17.446176, 14.714912], [-17.446109, 14.715861], [-17.4461, 14.716045], [-17.446058, 14.716881], [-17.446053, 14.716988], [-17.446042, 14.717205], [-17.446059, 14.717553], [-17.446063, 14.71763], [-17.446064, 14.717647], [-17.446075, 14.718114], [-17.446157, 14.718468], [-17.446207, 14.718683], [-17.44624, 14.718824], [-17.446478, 14.719496], [-17.446639, 14.719815], [-17.446689, 14.719915], [-17.44671, 14.719956], [-17.44693, 14.720267], [-17.446965, 14.720314], [-17.447283, 14.720697], [-17.447448, 14.720897], [-17.447481, 14.720927], [-17.447497, 14.72094], [-17.447539, 14.720977], [-17.447582, 14.721014], [-17.447646, 14.72107], [-17.447733, 14.721145], [-17.447748, 14.721157], [-17.447759, 14.721166], [-17.447799, 14.721198], [-17.447795, 14.721203], [-17.447796, 14.721204], [-17.447666, 14.721362], [-17.447562, 14.72149], [-17.447497, 14.721568], [-17.447419, 14.721664], [-17.447418, 14.721665], [-17.447397, 14.72169], [-17.447365, 14.721727], [-17.447341, 14.721755], [-17.447225, 14.721889], [-17.447016, 14.72213], [-17.447007, 14.722141], [-17.446781, 14.722432], [-17.446738, 14.722487], [-17.446604, 14.722661], [-17.446422, 14.722983], [-17.446358, 14.723097], [-17.446167, 14.723444], [-17.44606, 14.723637], [-17.446055, 14.723646], [-17.445968, 14.723803], [-17.445837, 14.724042], [-17.445805, 14.724099], [-17.445631, 14.724411], [-17.445494, 14.724657], [-17.445453, 14.724729], [-17.445278, 14.725045], [-17.44521, 14.725167], [-17.445109, 14.725349], [-17.445108, 14.725351], [-17.445077, 14.725407], [-17.444965, 14.725598], [-17.444959, 14.725608], [-17.444826, 14.725836], [-17.444739, 14.725983], [-17.44471, 14.726033], [-17.444605, 14.726212], [-17.444543, 14.726318], [-17.444451, 14.726499], [-17.444354, 14.726762], [-17.444343, 14.726778], [-17.444343, 14.726778], [-17.444343, 14.726778], [-17.4442, 14.726767], [-17.444061, 14.726756], [-17.443921, 14.726745], [-17.443793, 14.726732], [-17.443719, 14.726725], [-17.443701, 14.726723], [-17.443538, 14.726701], [-17.44332, 14.726671], [-17.443297, 14.726668], [-17.443168, 14.726649], [-17.442756, 14.726587], [-17.442589, 14.72657], [-17.442369, 14.726548], [-17.442283, 14.726527], [-17.442183, 14.726503], [-17.442094, 14.726481], [-17.442071, 14.726475], [-17.441753, 14.726364], [-17.441721, 14.726345], [-17.4414, 14.72615], [-17.44123, 14.72602], [-17.441181, 14.725983], [-17.440758, 14.725679], [-17.440659, 14.725607], [-17.440482, 14.72548], [-17.440483, 14.725464], [-17.440537, 14.724264], [-17.440543, 14.724135], [-17.440663, 14.72194], [-17.440665, 14.721902], [-17.440729, 14.720746], [-17.440776, 14.720241], [-17.440907, 14.718843], [-17.440941, 14.718473], [-17.440942, 14.718464], [-17.440944, 14.718425], [-17.440944, 14.718424], [-17.441065, 14.716656], [-17.441072, 14.716563], [-17.441133, 14.715663], [-17.441225, 14.714311], [-17.441236, 14.714159], [-17.441287, 14.713286], [-17.441305, 14.712983], [-17.441306, 14.712973], [-17.441362, 14.712016], [-17.441362, 14.712016], [-17.441363, 14.712003], [-17.441363, 14.711998], [-17.441363, 14.711998], [-17.441387, 14.711601], [-17.441425, 14.710955], [-17.441425, 14.710944], [-17.441488, 14.709891], [-17.44149, 14.709858], [-17.441598, 14.708363], [-17.441681, 14.707205], [-17.441814, 14.70537], [-17.441938, 14.703374], [-17.441954, 14.703119], [-17.442041, 14.701726], [-17.442041, 14.701721], [-17.44211, 14.700078], [-17.442133, 14.699543], [-17.44217, 14.698658]]]}, "properties": {"commune": "HLM", "key": "HLM", "population": 39126.0}}, {"type": "Feature", "geometry": {"type": "Polygon", "coordinates": [[[-17.463333, 14.721806], [-17.463241, 14.72171], [-17.463236, 14.721702], [-17.463059, 14.721474], [-17.46281, 14.721265], [-17.462, 14.720582], [-17.461613, 14.720257], [-17.461263, 14.719961], [-17.461507, 14.719696], [-17.461121, 14.719376], [-17.460456, 14.718825], [-17.459664, 14.718168], [-17.459628, 14.718139], [-17.459242, 14.717819], [-17.458844, 14.717489], [-17.458499, 14.717203], [-17.459517, 14.716063], [-17.45985, 14.715691], [-17.460643, 14.714802], [-17.461351, 14.714009], [-17.461425, 14.713927], [-17.461766, 14.713545], [-17.463641, 14.711445], [-17.462347, 14.709899], [-17.462315, 14.70986], [-17.461995, 14.709477], [-17.461085, 14.70839], [-17.460475, 14.70766], [-17.460463, 14.707646], [-17.460098, 14.70721], [-17.460077, 14.707191], [-17.46008, 14.707188], [-17.461015, 14.706122], [-17.461025, 14.70611], [-17.46103, 14.706104], [-17.461738, 14.705296], [-17.462032, 14.704961], [-17.462154, 14.704821], [-17.462194, 14.704776], [-17.462793, 14.704093], [-17.462802, 14.704083], [-17.462934, 14.703931], [-17.463346, 14.703475], [-17.464188, 14.70254], [-17.464199, 14.702527], [-17.467213, 14.699183], [-17.468151, 14.69898], [-17.468189, 14.698972], [-17.4688, 14.69884], [-17.469508, 14.699434], [-17.47173, 14.701298], [-17.471731, 14.701299], [-17.472837, 14.702227], [-17.47289, 14.702268], [-17.472901, 14.702277], [-17.473714, 14.702915], [-17.473999, 14.703118], [-17.474436, 14.703331], [-17.474627, 14.703392], [-17.474635, 14.703375], [-17.474599, 14.703203], [-17.475291, 14.700999], [-17.475266, 14.700972], [-17.475281, 14.700777], [-17.475337, 14.700575], [-17.475465, 14.699746], [-17.475601, 14.699268], [-17.475823, 14.699362], [-17.475974, 14.699425], [-17.476282, 14.699369], [-17.476553, 14.699278], [-17.476678, 14.699135], [-17.477023, 14.699149], [-17.477277, 14.699182], [-17.477515, 14.699391], [-17.477645, 14.699564], [-17.477825, 14.699759], [-17.477923, 14.699823], [-17.478077, 14.699863], [-17.478336, 14.699986], [-17.478435, 14.700068], [-17.478474, 14.701356], [-17.478616, 14.70148], [-17.478752, 14.70158], [-17.478912, 14.701626], [-17.479096, 14.701618], [-17.479175, 14.701551], [-17.47942, 14.701573], [-17.479544, 14.701661], [-17.479656, 14.701809], [-17.47975, 14.702058], [-17.479886, 14.702182], [-17.480077, 14.702258], [-17.480269, 14.702375], [-17.480467, 14.702558], [-17.480529, 14.702682], [-17.480599, 14.702836], [-17.480772, 14.703014], [-17.481013, 14.703208], [-17.481157, 14.703445], [-17.481337, 14.703634], [-17.48151, 14.703793], [-17.481701, 14.703862], [-17.481879, 14.703884], [-17.482093, 14.703882], [-17.482247, 14.703886], [-17.482518, 14.704063], [-17.482849, 14.704071], [-17.483021, 14.704057], [-17.483178, 14.703906], [-17.483339, 14.704], [-17.483506, 14.704141], [-17.483661, 14.70436], [-17.483792, 14.704514], [-17.484044, 14.704643], [-17.484216, 14.704617], [-17.484338, 14.70461], [-17.484413, 14.704686], [-17.484561, 14.704852], [-17.48468, 14.705066], [-17.484705, 14.705113], [-17.484799, 14.705267], [-17.4848, 14.705374], [-17.484799, 14.705485], [-17.484935, 14.705755], [-17.485006, 14.705937], [-17.48505, 14.706147], [-17.485297, 14.706436], [-17.485472, 14.706515], [-17.485718, 14.706655], [-17.485887, 14.706829], [-17.486153, 14.706935], [-17.486473, 14.706959], [-17.486688, 14.706855], [-17.48691, 14.706791], [-17.487154, 14.706809], [-17.487476, 14.706989], [-17.487735, 14.707108], [-17.48789, 14.707289], [-17.487978, 14.707681], [-17.488016, 14.707932], [-17.488131, 14.708195], [-17.488322, 14.708471], [-17.488464, 14.708754], [-17.488467, 14.708998], [-17.488553, 14.70922], [-17.488612, 14.709538], [-17.488614, 14.709647], [-17.488608, 14.709776], [-17.488644, 14.70985], [-17.488665, 14.709883], [-17.488698, 14.709952], [-17.486927, 14.709813], [-17.486749, 14.709799], [-17.486748, 14.709799], [-17.48659, 14.70977], [-17.486543, 14.709768], [-17.486451, 14.709739], [-17.486208, 14.709754], [-17.486142, 14.709758], [-17.485922, 14.70983], [-17.485701, 14.709902], [-17.48554, 14.709942], [-17.485499, 14.709952], [-17.485434, 14.709969], [-17.485402, 14.709977], [-17.485282, 14.710007], [-17.485265, 14.710011], [-17.485223, 14.710162], [-17.485047, 14.710122], [-17.484831, 14.710073], [-17.484637, 14.710029], [-17.484432, 14.709983], [-17.484406, 14.709977], [-17.484205, 14.709931], [-17.484165, 14.709922], [-17.484072, 14.709901], [-17.483693, 14.709816], [-17.483363, 14.709741], [-17.483225, 14.709755], [-17.482871, 14.709791], [-17.482693, 14.709809], [-17.482501, 14.709829], [-17.482203, 14.709859], [-17.481937, 14.709886], [-17.481909, 14.709888], [-17.481588, 14.709921], [-17.480028, 14.7108], [-17.477275, 14.712273], [-17.47659, 14.712639], [-17.476413, 14.712705], [-17.475939, 14.712959], [-17.475931, 14.712961], [-17.474796, 14.713571], [-17.47439, 14.713782], [-17.472187, 14.714932], [-17.471521, 14.715259], [-17.470462, 14.715839], [-17.468668, 14.71682], [-17.466335, 14.718044], [-17.466261, 14.718204], [-17.466163, 14.718415], [-17.465913, 14.718811], [-17.465912, 14.718812], [-17.464611, 14.720323], [-17.463418, 14.72171], [-17.463416, 14.721713], [-17.463415, 14.721713], [-17.463415, 14.721713], [-17.463333, 14.721806]]]}, "properties": {"commune": "MERMOZ-SACRE COEUR", "key": "MERMOZ SACRE COEUR", "population": 29798.0}}, {"type": "Feature", "geometry": {"type": "Polygon", "coordinates": [[[-17.446934, 14.703926], [-17.447075, 14.702036], [-17.447739, 14.702284], [-17.449601, 14.703004], [-17.45011, 14.703205], [-17.450378, 14.703358], [-17.450414, 14.703386], [-17.451055, 14.703877], [-17.451462, 14.70418], [-17.45164, 14.704253], [-17.45165, 14.704262], [-17.45174, 14.704593], [-17.451735, 14.704594], [-17.451758, 14.704658], [-17.451895, 14.705056], [-17.451896, 14.70506], [-17.451905, 14.705085], [-17.45219, 14.70591], [-17.452193, 14.70592], [-17.452318, 14.706282], [-17.452335, 14.70633], [-17.45247, 14.706723], [-17.452473, 14.706732], [-17.452538, 14.70692], [-17.452545, 14.706939], [-17.452605, 14.707113], [-17.452607, 14.707119], [-17.452612, 14.707133], [-17.452751, 14.707535], [-17.452751, 14.707538], [-17.452898, 14.707963], [-17.452902, 14.707973], [-17.453055, 14.708417], [-17.45321, 14.708878], [-17.45323, 14.708938], [-17.45327, 14.709058], [-17.453275, 14.709071], [-17.453343, 14.709273], [-17.453352, 14.709299], [-17.453493, 14.709719], [-17.453497, 14.70973], [-17.453625, 14.71011], [-17.453628, 14.710119], [-17.453637, 14.710145], [-17.453768, 14.710535], [-17.453835, 14.710734], [-17.453835, 14.710735], [-17.453904, 14.71094], [-17.453916, 14.710975], [-17.453918, 14.71098], [-17.453918, 14.710981], [-17.45397, 14.711135], [-17.453973, 14.711144], [-17.454044, 14.711357], [-17.454045, 14.711359], [-17.454119, 14.711579], [-17.45412, 14.711581], [-17.454188, 14.711785], [-17.454254, 14.711981], [-17.454327, 14.712198], [-17.454328, 14.712198], [-17.45437, 14.712323], [-17.454378, 14.712348], [-17.454382, 14.712359], [-17.454695, 14.713291], [-17.45452, 14.713487], [-17.453915, 14.714163], [-17.453579, 14.714539], [-17.453475, 14.714655], [-17.453455, 14.714677], [-17.453455, 14.714677], [-17.452904, 14.715307], [-17.452875, 14.715341], [-17.451975, 14.71637], [-17.451942, 14.716406], [-17.451416, 14.717009], [-17.450491, 14.718066], [-17.45048, 14.718078], [-17.449492, 14.719236], [-17.449487, 14.719242], [-17.449424, 14.719316], [-17.447916, 14.721082], [-17.447799, 14.721198], [-17.447759, 14.721166], [-17.447748, 14.721157], [-17.447739, 14.72115], [-17.447733, 14.721145], [-17.447646, 14.72107], [-17.447582, 14.721014], [-17.447539, 14.720977], [-17.447497, 14.72094], [-17.447481, 14.720927], [-17.447448, 14.720897], [-17.447302, 14.72072], [-17.447283, 14.720697], [-17.446965, 14.720314], [-17.446949, 14.720294], [-17.44693, 14.720267], [-17.446713, 14.719962], [-17.44671, 14.719956], [-17.446689, 14.719915], [-17.446639, 14.719815], [-17.446478, 14.719496], [-17.44624, 14.718824], [-17.446207, 14.718683], [-17.446157, 14.718468], [-17.446075, 14.718114], [-17.446065, 14.717659], [-17.446063, 14.71763], [-17.446059, 14.717553], [-17.446042, 14.717205], [-17.446053, 14.716988], [-17.446058, 14.716881], [-17.4461, 14.716045], [-17.446109, 14.715861], [-17.446176, 14.714912], [-17.446251, 14.713853], [-17.446302, 14.713153], [-17.446306, 14.71309], [-17.446309, 14.713056], [-17.446385, 14.712003], [-17.446387, 14.711967], [-17.446423, 14.7115], [-17.446427, 14.711443], [-17.446524, 14.710166], [-17.446543, 14.7101], [-17.446547, 14.710038], [-17.44667, 14.708061], [-17.446712, 14.707392], [-17.446739, 14.706961], [-17.446816, 14.705721], [-17.446818, 14.705696], [-17.446883, 14.704701], [-17.446887, 14.704648], [-17.446913, 14.704244], [-17.446934, 14.703926]]]}, "properties": {"commune": "BISCUITERIE", "key": "BISCUITERIE", "population": 68547.0}}, {"type": "Feature", "geometry": {"type": "Polygon", "coordinates": [[[-17.447232, 14.699275], [-17.44729, 14.698259], [-17.447847, 14.698361], [-17.448096, 14.698393], [-17.448121, 14.698396], [-17.448275, 14.698411], [-17.448378, 14.698418], [-17.44854, 14.698427], [-17.448676, 14.69843], [-17.448699, 14.698431], [-17.448739, 14.698431], [-17.448863, 14.698431], [-17.449081, 14.698424], [-17.449199, 14.698406], [-17.449305, 14.698386], [-17.449494, 14.698341], [-17.449567, 14.698319], [-17.44976, 14.698252], [-17.44989, 14.698199], [-17.450016, 14.698138], [-17.450139, 14.698072], [-17.450259, 14.698], [-17.450375, 14.697922], [-17.450486, 14.697838], [-17.450645, 14.697715], [-17.450686, 14.697682], [-17.450765, 14.697614], [-17.45084, 14.697546], [-17.45091, 14.697478], [-17.450922, 14.697465], [-17.450929, 14.697459], [-17.450948, 14.697439], [-17.451011, 14.697372], [-17.451094, 14.697278], [-17.451129, 14.697238], [-17.4512, 14.697148], [-17.451227, 14.697113], [-17.451305, 14.697005], [-17.451386, 14.696884], [-17.451452, 14.697023], [-17.451461, 14.697042], [-17.453946, 14.70001], [-17.454806, 14.700989], [-17.455624, 14.701922], [-17.455679, 14.701985], [-17.455715, 14.702026], [-17.455733, 14.702047], [-17.45637, 14.702825], [-17.456773, 14.703299], [-17.456904, 14.703454], [-17.457039, 14.703613], [-17.457126, 14.703716], [-17.457288, 14.703907], [-17.45731, 14.703933], [-17.457532, 14.704195], [-17.457558, 14.704225], [-17.457673, 14.70436], [-17.45781, 14.704522], [-17.45803, 14.704781], [-17.45803, 14.704782], [-17.458285, 14.705082], [-17.458528, 14.705369], [-17.458778, 14.705663], [-17.459625, 14.706661], [-17.459672, 14.706717], [-17.459717, 14.706769], [-17.459785, 14.70685], [-17.460061, 14.707175], [-17.460065, 14.70718], [-17.458517, 14.70894], [-17.458179, 14.709324], [-17.458179, 14.709325], [-17.458178, 14.709325], [-17.457126, 14.710547], [-17.456925, 14.710775], [-17.456792, 14.710925], [-17.455784, 14.712062], [-17.455752, 14.712099], [-17.454833, 14.713136], [-17.454695, 14.713291], [-17.454455, 14.712577], [-17.454327, 14.712198], [-17.45425, 14.711967], [-17.454188, 14.711785], [-17.454044, 14.711357], [-17.453984, 14.711176], [-17.453978, 14.711158], [-17.45397, 14.711135], [-17.453916, 14.710975], [-17.453908, 14.710951], [-17.453899, 14.710924], [-17.453835, 14.710734], [-17.453768, 14.710535], [-17.453697, 14.710325], [-17.453692, 14.710311], [-17.453637, 14.710145], [-17.453628, 14.710119], [-17.453557, 14.709908], [-17.453497, 14.70973], [-17.453413, 14.70948], [-17.453352, 14.709299], [-17.453272, 14.709064], [-17.45321, 14.708878], [-17.453202, 14.708853], [-17.453055, 14.708417], [-17.452896, 14.707956], [-17.45282, 14.707737], [-17.452751, 14.707538], [-17.452678, 14.707325], [-17.452612, 14.707133], [-17.452605, 14.707113], [-17.452538, 14.706918], [-17.452537, 14.706918], [-17.45247, 14.706723], [-17.452389, 14.706487], [-17.452389, 14.706487], [-17.45232, 14.706288], [-17.452271, 14.706146], [-17.452255, 14.706099], [-17.45219, 14.70591], [-17.452102, 14.705655], [-17.452034, 14.705459], [-17.451964, 14.705255], [-17.451895, 14.705056], [-17.451817, 14.704829], [-17.451758, 14.704658], [-17.451735, 14.704594], [-17.45174, 14.704593], [-17.45165, 14.704262], [-17.45164, 14.704253], [-17.451462, 14.70418], [-17.451055, 14.703877], [-17.450414, 14.703386], [-17.450357, 14.703357], [-17.450071, 14.703199], [-17.449889, 14.703118], [-17.449601, 14.703004], [-17.447739, 14.702284], [-17.447075, 14.702036], [-17.447076, 14.70202], [-17.447156, 14.700604], [-17.447232, 14.699275]]]}, "properties": {"commune": "GRAND DAKAR", "key": "GRAND DAKAR", "population": 47012.0}}, {"type": "Feature", "geometry": {"type": "Polygon", "coordinates": [[[-17.453946, 14.70001], [-17.451461, 14.697043], [-17.451386, 14.696884], [-17.45307, 14.695351], [-17.453872, 14.694621], [-17.454494, 14.694055], [-17.454506, 14.694044], [-17.454507, 14.694045], [-17.454523, 14.694028], [-17.455448, 14.693126], [-17.45635, 14.692246], [-17.456397, 14.692201], [-17.45706, 14.691553], [-17.457614, 14.691024], [-17.458488, 14.690189], [-17.460617, 14.686535], [-17.460657, 14.686467], [-17.460696, 14.683792], [-17.460674, 14.683211], [-17.460673, 14.683129], [-17.460672, 14.68311], [-17.460668, 14.682711], [-17.460657, 14.681697], [-17.460656, 14.681679], [-17.460651, 14.681228], [-17.460649, 14.68104], [-17.460645, 14.680674], [-17.460639, 14.680119], [-17.460637, 14.679904], [-17.460635, 14.679761], [-17.460634, 14.679696], [-17.460634, 14.67963], [-17.460633, 14.679563], [-17.460664, 14.679394], [-17.460676, 14.679007], [-17.460699, 14.678755], [-17.460704, 14.678702], [-17.460952, 14.67871], [-17.461199, 14.678712], [-17.461447, 14.678707], [-17.461694, 14.678696], [-17.461941, 14.678679], [-17.462285, 14.678453], [-17.46267, 14.678022], [-17.462968, 14.677646], [-17.463057, 14.677329], [-17.462972, 14.677026], [-17.462769, 14.676924], [-17.462267, 14.676825], [-17.462125, 14.676685], [-17.462223, 14.676211], [-17.462264, 14.675938], [-17.462436, 14.675477], [-17.462521, 14.675182], [-17.462628, 14.674901], [-17.462855, 14.674762], [-17.463133, 14.67453], [-17.463545, 14.674511], [-17.463869, 14.674515], [-17.464282, 14.674575], [-17.46446, 14.674702], [-17.464521, 14.674845], [-17.464532, 14.675146], [-17.464465, 14.675735], [-17.464591, 14.676551], [-17.464926, 14.676886], [-17.464981, 14.676894], [-17.464988, 14.676894], [-17.465008, 14.676894], [-17.465013, 14.676894], [-17.465018, 14.676894], [-17.465028, 14.676894], [-17.465042, 14.676893], [-17.46506, 14.676893], [-17.465072, 14.676893], [-17.465087, 14.676893], [-17.465111, 14.676895], [-17.465121, 14.676897], [-17.465138, 14.676902], [-17.465143, 14.676904], [-17.465146, 14.676904], [-17.465151, 14.676907], [-17.465153, 14.676909], [-17.46516, 14.676911], [-17.465163, 14.676916], [-17.465175, 14.676916], [-17.46518, 14.676916], [-17.465197, 14.676918], [-17.465205, 14.676918], [-17.465207, 14.676918], [-17.465212, 14.676918], [-17.465219, 14.676918], [-17.465227, 14.676918], [-17.465234, 14.676918], [-17.465251, 14.67692], [-17.465261, 14.676922], [-17.465274, 14.676924], [-17.465281, 14.676924], [-17.465288, 14.676924], [-17.465293, 14.676924], [-17.465298, 14.676924], [-17.465303, 14.676924], [-17.465308, 14.676924], [-17.46532, 14.676924], [-17.46533, 14.676924], [-17.465345, 14.676921], [-17.465355, 14.676919], [-17.465367, 14.676919], [-17.465377, 14.676916], [-17.465382, 14.676916], [-17.465386, 14.676916], [-17.465394, 14.676916], [-17.465409, 14.676916], [-17.465421, 14.676916], [-17.465438, 14.676915], [-17.465445, 14.676915], [-17.46545, 14.676915], [-17.465455, 14.676915], [-17.465467, 14.676915], [-17.465472, 14.676915], [-17.46549, 14.676913], [-17.465499, 14.676912], [-17.465514, 14.676908], [-17.465519, 14.676907], [-17.465526, 14.676905], [-17.465531, 14.676905], [-17.465543, 14.6769], [-17.465548, 14.676898], [-17.465561, 14.676893], [-17.465565, 14.67689], [-17.465573, 14.676885], [-17.465578, 14.676885], [-17.465585, 14.676883], [-17.465587, 14.67688], [-17.465595, 14.676878], [-17.465597, 14.676878], [-17.465602, 14.676876], [-17.465609, 14.676871], [-17.465612, 14.676871], [-17.465619, 14.676866], [-17.465624, 14.676861], [-17.465626, 14.676859], [-17.465636, 14.676854], [-17.465639, 14.676854], [-17.465646, 14.676851], [-17.465648, 14.676851], [-17.465653, 14.676849], [-17.465653, 14.676846], [-17.465656, 14.676846], [-17.465663, 14.676844], [-17.465668, 14.676841], [-17.46567, 14.676841], [-17.465673, 14.676839], [-17.465675, 14.676836], [-17.46568, 14.676836], [-17.465683, 14.676834], [-17.465688, 14.676832], [-17.46569, 14.676832], [-17.465692, 14.676832], [-17.465695, 14.676829], [-17.465697, 14.676829], [-17.465697, 14.676827], [-17.465702, 14.676827], [-17.465702, 14.676824], [-17.465705, 14.676824], [-17.465707, 14.676822], [-17.465729, 14.676783], [-17.465729, 14.676781], [-17.465731, 14.676779], [-17.465734, 14.676778], [-17.465734, 14.676774], [-17.465736, 14.676771], [-17.465738, 14.676766], [-17.465741, 14.676762], [-17.465746, 14.676754], [-17.465745, 14.676747], [-17.465748, 14.67674], [-17.46575, 14.676735], [-17.465753, 14.67673], [-17.465755, 14.676716], [-17.465757, 14.676711], [-17.465762, 14.676699], [-17.465764, 14.67669], [-17.465767, 14.676685], [-17.465769, 14.67668], [-17.465774, 14.676675], [-17.465777, 14.67667], [-17.465777, 14.676666], [-17.465784, 14.676656], [-17.465784, 14.676654], [-17.465791, 14.676642], [-17.465793, 14.676637], [-17.465796, 14.676632], [-17.465798, 14.676627], [-17.465803, 14.676622], [-17.465805, 14.67662], [-17.465808, 14.676613], [-17.465813, 14.676606], [-17.465817, 14.676598], [-17.465827, 14.676586], [-17.465832, 14.676577], [-17.465837, 14.676572], [-17.465842, 14.676565], [-17.465847, 14.67656], [-17.465851, 14.676553], [-17.465859, 14.676545], [-17.465871, 14.676536], [-17.465876, 14.676531], [-17.465883, 14.676524], [-17.465888, 14.676519], [-17.46589, 14.676516], [-17.465895, 14.676511], [-17.465898, 14.676509], [-17.465902, 14.676504], [-17.465905, 14.676502], [-17.46591, 14.676495], [-17.465912, 14.676495], [-17.465917, 14.676487], [-17.465919, 14.676483], [-17.465924, 14.67648], [-17.465927, 14.676478], [-17.465931, 14.67647], [-17.465936, 14.676466], [-17.465941, 14.676458], [-17.465941, 14.676456], [-17.465946, 14.676449], [-17.465951, 14.676444], [-17.465953, 14.676442], [-17.465958, 14.676434], [-17.46597, 14.676425], [-17.465975, 14.67642], [-17.465987, 14.67641], [-17.465999, 14.6764], [-17.466004, 14.676396], [-17.466014, 14.676388], [-17.466019, 14.676383], [-17.466026, 14.676376], [-17.466033, 14.676371], [-17.466043, 14.676359], [-17.466048, 14.676352], [-17.466058, 14.67634], [-17.466067, 14.67633], [-17.466072, 14.676323], [-17.466077, 14.676321], [-17.466082, 14.676313], [-17.466087, 14.676309], [-17.466087, 14.676306], [-17.466094, 14.676297], [-17.466099, 14.676292], [-17.466106, 14.676285], [-17.466109, 14.67628], [-17.466113, 14.676277], [-17.466118, 14.676275], [-17.466121, 14.676272], [-17.466131, 14.676265], [-17.466135, 14.67626], [-17.466143, 14.676255], [-17.466148, 14.676253], [-17.466155, 14.676246], [-17.466157, 14.676241], [-17.466165, 14.676238], [-17.466167, 14.676236], [-17.466179, 14.676229], [-17.466182, 14.676226], [-17.466189, 14.676222], [-17.466191, 14.676221], [-17.466201, 14.676214], [-17.466204, 14.676212], [-17.466208, 14.676209], [-17.466208, 14.676207], [-17.466211, 14.676205], [-17.466216, 14.676202], [-17.466218, 14.6762], [-17.466218, 14.676197], [-17.466221, 14.676195], [-17.466223, 14.676192], [-17.466225, 14.67619], [-17.466228, 14.676188], [-17.46623, 14.676185], [-17.466233, 14.676183], [-17.466235, 14.676178], [-17.46624, 14.676178], [-17.466245, 14.676178], [-17.466247, 14.676178], [-17.466252, 14.676178], [-17.466255, 14.676178], [-17.466255, 14.67618], [-17.466257, 14.676183], [-17.46626, 14.676183], [-17.46626, 14.676185], [-17.466265, 14.676185], [-17.46627, 14.676187], [-17.466282, 14.676192], [-17.466289, 14.676197], [-17.466297, 14.676199], [-17.466304, 14.676204], [-17.466309, 14.676206], [-17.466314, 14.676211], [-17.466321, 14.676215], [-17.466331, 14.67622], [-17.466331, 14.676222], [-17.466336, 14.676227], [-17.466339, 14.676229], [-17.466339, 14.676232], [-17.466341, 14.676237], [-17.466341, 14.676239], [-17.466341, 14.676244], [-17.466346, 14.676249], [-17.466346, 14.676251], [-17.466349, 14.676258], [-17.466349, 14.67626], [-17.466351, 14.676263], [-17.466354, 14.676268], [-17.466359, 14.676277], [-17.466361, 14.676277], [-17.466366, 14.676282], [-17.466369, 14.676284], [-17.466376, 14.676294], [-17.466379, 14.676298], [-17.466384, 14.676301], [-17.466386, 14.676303], [-17.466389, 14.676305], [-17.466394, 14.676308], [-17.466401, 14.676312], [-17.466404, 14.676315], [-17.466406, 14.676315], [-17.466411, 14.676317], [-17.466411, 14.67632], [-17.466416, 14.676319], [-17.466418, 14.676322], [-17.466423, 14.676324], [-17.466428, 14.676329], [-17.466441, 14.676334], [-17.466446, 14.676336], [-17.466451, 14.676338], [-17.466458, 14.676343], [-17.466465, 14.676343], [-17.46647, 14.676345], [-17.466473, 14.676348], [-17.46648, 14.67635], [-17.466488, 14.676355], [-17.466492, 14.676355], [-17.466497, 14.676357], [-17.4665, 14.676357], [-17.466505, 14.676357], [-17.466507, 14.676357], [-17.466512, 14.676357], [-17.466517, 14.676357], [-17.466524, 14.676357], [-17.466527, 14.676357], [-17.466532, 14.676356], [-17.466539, 14.676356], [-17.466542, 14.676356], [-17.466544, 14.676356], [-17.466549, 14.676356], [-17.466551, 14.676356], [-17.466554, 14.676356], [-17.466561, 14.676356], [-17.466566, 14.676356], [-17.466573, 14.676356], [-17.466578, 14.676356], [-17.466583, 14.676356], [-17.466591, 14.676356], [-17.466596, 14.676356], [-17.466603, 14.676358], [-17.466605, 14.676358], [-17.466613, 14.67636], [-17.466618, 14.67636], [-17.466623, 14.676363], [-17.466625, 14.676363], [-17.466635, 14.676363], [-17.466637, 14.676363], [-17.466647, 14.676362], [-17.466652, 14.676362], [-17.466655, 14.676362], [-17.466657, 14.676362], [-17.466662, 14.676362], [-17.466664, 14.676362], [-17.466672, 14.676362], [-17.466682, 14.676362], [-17.466687, 14.676362], [-17.466699, 14.676362], [-17.466704, 14.676362], [-17.466706, 14.676362], [-17.466711, 14.676362], [-17.466714, 14.676362], [-17.466718, 14.676362], [-17.466721, 14.676362], [-17.466723, 14.676362], [-17.466733, 14.676366], [-17.466736, 14.676366], [-17.466741, 14.676369], [-17.466743, 14.676369], [-17.466746, 14.676369], [-17.466748, 14.676369], [-17.466748, 14.676371], [-17.466753, 14.676371], [-17.466755, 14.676373], [-17.46676, 14.676376], [-17.466763, 14.676376], [-17.466765, 14.676376], [-17.466768, 14.676376], [-17.46677, 14.676378], [-17.466773, 14.676378], [-17.466775, 14.676378], [-17.466778, 14.67638], [-17.46678, 14.67638], [-17.466783, 14.676383], [-17.466785, 14.676382], [-17.468119, 14.67665], [-17.468121, 14.67665], [-17.468121, 14.676648], [-17.468121, 14.676646], [-17.468124, 14.676643], [-17.468223, 14.676556], [-17.468223, 14.676551], [-17.468233, 14.676532], [-17.468233, 14.676525], [-17.468238, 14.676518], [-17.46824, 14.676515], [-17.468245, 14.676503], [-17.468247, 14.676501], [-17.46825, 14.676491], [-17.468252, 14.676491], [-17.468252, 14.676486], [-17.468254, 14.676482], [-17.468257, 14.676479], [-17.468257, 14.676477], [-17.468257, 14.676474], [-17.468262, 14.676467], [-17.468264, 14.67646], [-17.468269, 14.67645], [-17.468271, 14.676446], [-17.468271, 14.676441], [-17.468271, 14.676436], [-17.468274, 14.676434], [-17.468273, 14.676426], [-17.468278, 14.676422], [-17.468278, 14.676417], [-17.468278, 14.676414], [-17.468278, 14.676412], [-17.468281, 14.676407], [-17.468283, 14.676402], [-17.468283, 14.6764], [-17.468285, 14.676393], [-17.468288, 14.67639], [-17.468288, 14.676386], [-17.46829, 14.676376], [-17.46829, 14.676374], [-17.468295, 14.676362], [-17.468297, 14.676357], [-17.468297, 14.676352], [-17.4683, 14.676345], [-17.468302, 14.67634], [-17.468302, 14.676338], [-17.468307, 14.676333], [-17.468309, 14.676323], [-17.468312, 14.676318], [-17.468314, 14.676314], [-17.468314, 14.676311], [-17.468316, 14.676309], [-17.468316, 14.676306], [-17.468316, 14.676304], [-17.468316, 14.676302], [-17.468319, 14.676297], [-17.468321, 14.67629], [-17.468323, 14.676285], [-17.468326, 14.676278], [-17.468326, 14.676275], [-17.468328, 14.676273], [-17.468328, 14.676268], [-17.468331, 14.676263], [-17.46833, 14.676259], [-17.468333, 14.676247], [-17.468333, 14.676242], [-17.468338, 14.676237], [-17.468338, 14.67623], [-17.46834, 14.676225], [-17.46834, 14.67622], [-17.468342, 14.676215], [-17.468345, 14.676208], [-17.468347, 14.676201], [-17.468347, 14.676191], [-17.468352, 14.676184], [-17.468354, 14.676177], [-17.468354, 14.676172], [-17.468356, 14.676167], [-17.468359, 14.676163], [-17.468361, 14.676153], [-17.468364, 14.676148], [-17.468366, 14.676143], [-17.468366, 14.676139], [-17.468371, 14.676134], [-17.468371, 14.676131], [-17.468371, 14.676129], [-17.468373, 14.676127], [-17.468376, 14.676122], [-17.468376, 14.676119], [-17.468378, 14.676115], [-17.46838, 14.676112], [-17.46838, 14.67611], [-17.46838, 14.676105], [-17.46838, 14.676086], [-17.46838, 14.676069], [-17.46838, 14.67605], [-17.468379, 14.676009], [-17.468379, 14.675997], [-17.468379, 14.675985], [-17.468379, 14.675978], [-17.468379, 14.675971], [-17.468379, 14.675966], [-17.468379, 14.675957], [-17.468379, 14.675947], [-17.468376, 14.675921], [-17.468373, 14.675914], [-17.468373, 14.675904], [-17.468371, 14.6759], [-17.468371, 14.675897], [-17.468371, 14.675895], [-17.468371, 14.675892], [-17.468371, 14.67589], [-17.46837, 14.675885], [-17.468378, 14.675878], [-17.46838, 14.675873], [-17.46839, 14.675859], [-17.468395, 14.675854], [-17.468395, 14.675851], [-17.468399, 14.675844], [-17.468402, 14.675839], [-17.468402, 14.675837], [-17.468404, 14.675832], [-17.468407, 14.675825], [-17.468409, 14.675818], [-17.468411, 14.675808], [-17.468414, 14.675801], [-17.468414, 14.675799], [-17.468416, 14.675791], [-17.468416, 14.675784], [-17.468418, 14.675777], [-17.468418, 14.675775], [-17.468421, 14.675765], [-17.468421, 14.67576], [-17.468423, 14.675748], [-17.468423, 14.675746], [-17.468423, 14.675741], [-17.468423, 14.675736], [-17.468425, 14.675732], [-17.468425, 14.675727], [-17.468425, 14.675724], [-17.468425, 14.675715], [-17.468425, 14.675713], [-17.46843, 14.675701], [-17.46843, 14.675698], [-17.46843, 14.675696], [-17.46843, 14.675691], [-17.46843, 14.675681], [-17.46843, 14.675679], [-17.468432, 14.675665], [-17.468432, 14.675657], [-17.468434, 14.675655], [-17.468434, 14.675648], [-17.468437, 14.675641], [-17.468436, 14.675636], [-17.468436, 14.675626], [-17.468439, 14.675622], [-17.468439, 14.675607], [-17.468441, 14.6756], [-17.468443, 14.675593], [-17.468443, 14.675586], [-17.468443, 14.675581], [-17.468446, 14.675574], [-17.468445, 14.675566], [-17.468448, 14.675557], [-17.468448, 14.67555], [-17.46845, 14.675538], [-17.46845, 14.675531], [-17.46845, 14.675526], [-17.46845, 14.675521], [-17.468452, 14.675516], [-17.468452, 14.675509], [-17.468455, 14.675504], [-17.468455, 14.675497], [-17.468457, 14.67549], [-17.468457, 14.67548], [-17.468457, 14.675476], [-17.468459, 14.675471], [-17.468459, 14.675464], [-17.468459, 14.675459], [-17.468459, 14.675456], [-17.468459, 14.675452], [-17.468461, 14.675437], [-17.468461, 14.675432], [-17.468464, 14.675425], [-17.468463, 14.675418], [-17.468463, 14.675411], [-17.468463, 14.675406], [-17.468463, 14.675401], [-17.468466, 14.675397], [-17.468468, 14.675389], [-17.468468, 14.67538], [-17.468468, 14.675373], [-17.46847, 14.67537], [-17.46847, 14.675363], [-17.46847, 14.675358], [-17.46847, 14.675353], [-17.46847, 14.675346], [-17.46847, 14.675342], [-17.46847, 14.675337], [-17.46847, 14.675318], [-17.46847, 14.675313], [-17.46847, 14.675308], [-17.46847, 14.675301], [-17.468469, 14.675296], [-17.468469, 14.675291], [-17.468469, 14.675287], [-17.468472, 14.675282], [-17.468472, 14.675275], [-17.468474, 14.675267], [-17.468476, 14.675263], [-17.468476, 14.675255], [-17.468476, 14.675251], [-17.468476, 14.675246], [-17.468476, 14.675239], [-17.468476, 14.675236], [-17.468476, 14.675229], [-17.468476, 14.675224], [-17.468476, 14.675215], [-17.468476, 14.67521], [-17.468476, 14.675203], [-17.468476, 14.675196], [-17.468476, 14.675189], [-17.468476, 14.675179], [-17.468475, 14.675174], [-17.468475, 14.675165], [-17.468475, 14.67516], [-17.468475, 14.675153], [-17.468475, 14.675145], [-17.468475, 14.675138], [-17.468475, 14.675122], [-17.468475, 14.675114], [-17.468475, 14.675105], [-17.468475, 14.675095], [-17.468475, 14.675088], [-17.468474, 14.675076], [-17.468474, 14.675069], [-17.468474, 14.675055], [-17.468474, 14.675047], [-17.468474, 14.675045], [-17.468474, 14.67504], [-17.468474, 14.675038], [-17.468474, 14.675033], [-17.468474, 14.675031], [-17.468474, 14.675026], [-17.468474, 14.675024], [-17.468474, 14.675016], [-17.468474, 14.675014], [-17.468474, 14.675012], [-17.468474, 14.675007], [-17.468474, 14.675004], [-17.468474, 14.675002], [-17.468473, 14.674997], [-17.468473, 14.674993], [-17.468473, 14.67499], [-17.468473, 14.674983], [-17.468473, 14.674978], [-17.468476, 14.674973], [-17.468476, 14.674971], [-17.468476, 14.674961], [-17.468478, 14.674961], [-17.468478, 14.674952], [-17.468478, 14.674945], [-17.468478, 14.674937], [-17.468478, 14.674933], [-17.468478, 14.674928], [-17.468478, 14.674926], [-17.468478, 14.674923], [-17.468478, 14.674921], [-17.468477, 14.674916], [-17.468477, 14.674914], [-17.46848, 14.674909], [-17.468482, 14.674906], [-17.468482, 14.674904], [-17.468485, 14.674904], [-17.468485, 14.674899], [-17.468487, 14.674899], [-17.46849, 14.674897], [-17.468492, 14.674894], [-17.468492, 14.674892], [-17.468497, 14.674889], [-17.468499, 14.674889], [-17.468504, 14.674885], [-17.468507, 14.674882], [-17.468509, 14.674882], [-17.468511, 14.67488], [-17.468514, 14.674877], [-17.468516, 14.674877], [-17.468516, 14.674875], [-17.468519, 14.674873], [-17.468521, 14.67487], [-17.468524, 14.674868], [-17.468524, 14.674865], [-17.468526, 14.674863], [-17.468573, 14.674862], [-17.468695, 14.67483], [-17.46883, 14.674809], [-17.469499, 14.67468], [-17.469506, 14.67468], [-17.469516, 14.674678], [-17.469533, 14.674675], [-17.469548, 14.674675], [-17.469572, 14.674672], [-17.469585, 14.674672], [-17.469597, 14.674672], [-17.469604, 14.674672], [-17.469617, 14.674672], [-17.469619, 14.674672], [-17.469631, 14.674672], [-17.469636, 14.674672], [-17.469646, 14.674672], [-17.469651, 14.674672], [-17.469658, 14.674672], [-17.469666, 14.674671], [-17.469683, 14.674676], [-17.469688, 14.674676], [-17.469695, 14.674678], [-17.4697, 14.674681], [-17.46971, 14.674688], [-17.46972, 14.674692], [-17.469725, 14.674695], [-17.469732, 14.674702], [-17.469745, 14.674709], [-17.469752, 14.674711], [-17.469764, 14.674721], [-17.469767, 14.674723], [-17.469772, 14.674725], [-17.469774, 14.67473], [-17.469777, 14.67473], [-17.469777, 14.674735], [-17.469782, 14.67474], [-17.469787, 14.674749], [-17.469789, 14.674754], [-17.469794, 14.674759], [-17.469797, 14.674763], [-17.469799, 14.674763], [-17.469799, 14.674766], [-17.469802, 14.674768], [-17.469802, 14.67477], [-17.469804, 14.674773], [-17.469807, 14.674775], [-17.469807, 14.674778], [-17.469812, 14.67478], [-17.469812, 14.674782], [-17.469812, 14.674785], [-17.469814, 14.674787], [-17.469814, 14.674789], [-17.469872, 14.674863], [-17.469869, 14.674865], [-17.469887, 14.674901], [-17.469907, 14.674922], [-17.469924, 14.674944], [-17.469939, 14.674958], [-17.469954, 14.674977], [-17.469969, 14.674993], [-17.469979, 14.675003], [-17.469981, 14.67501], [-17.469986, 14.675024], [-17.469986, 14.675027], [-17.469989, 14.675036], [-17.469989, 14.675039], [-17.469991, 14.675048], [-17.469994, 14.67505], [-17.470004, 14.67506], [-17.470009, 14.675065], [-17.470019, 14.675072], [-17.470031, 14.675084], [-17.470063, 14.675114], [-17.470081, 14.675128], [-17.470125, 14.675161], [-17.470148, 14.675175], [-17.470207, 14.67522], [-17.470219, 14.67523], [-17.470244, 14.675249], [-17.470252, 14.675256], [-17.470267, 14.675277], [-17.470274, 14.675284], [-17.470282, 14.675301], [-17.470287, 14.67531], [-17.470292, 14.675317], [-17.470294, 14.675322], [-17.470302, 14.675332], [-17.470307, 14.675341], [-17.470314, 14.675351], [-17.470319, 14.67536], [-17.470322, 14.675367], [-17.470327, 14.67537], [-17.470334, 14.675379], [-17.470337, 14.675384], [-17.470344, 14.675393], [-17.470344, 14.675398], [-17.470352, 14.67541], [-17.470357, 14.675417], [-17.470362, 14.675424], [-17.470369, 14.675434], [-17.470374, 14.675441], [-17.470377, 14.675448], [-17.470389, 14.675465], [-17.470397, 14.675476], [-17.470404, 14.675495], [-17.470409, 14.675505], [-17.470419, 14.675526], [-17.470427, 14.675541], [-17.470432, 14.67556], [-17.470437, 14.675572], [-17.470445, 14.675595], [-17.470445, 14.6756], [-17.47045, 14.675622], [-17.47045, 14.675631], [-17.470452, 14.675643], [-17.470452, 14.67565], [-17.470455, 14.675665], [-17.470455, 14.675672], [-17.470455, 14.675686], [-17.470455, 14.675693], [-17.470456, 14.675708], [-17.470456, 14.675715], [-17.470456, 14.675724], [-17.470456, 14.675727], [-17.470453, 14.675739], [-17.470449, 14.675746], [-17.470444, 14.675756], [-17.470439, 14.675763], [-17.470434, 14.675772], [-17.470432, 14.675777], [-17.470429, 14.675782], [-17.470425, 14.675789], [-17.470417, 14.675796], [-17.470417, 14.675801], [-17.470413, 14.675806], [-17.470408, 14.675811], [-17.470405, 14.675813], [-17.4704, 14.675818], [-17.470393, 14.675823], [-17.470388, 14.675825], [-17.470378, 14.675835], [-17.470378, 14.675838], [-17.470369, 14.675842], [-17.470369, 14.675845], [-17.470361, 14.675847], [-17.470359, 14.675852], [-17.470349, 14.675855], [-17.470344, 14.675855], [-17.470327, 14.675862], [-17.470317, 14.675864], [-17.4703, 14.675867], [-17.470293, 14.675872], [-17.470288, 14.675872], [-17.470281, 14.675877], [-17.470276, 14.675877], [-17.470271, 14.675882], [-17.470259, 14.675884], [-17.470256, 14.675887], [-17.470242, 14.675892], [-17.470232, 14.675892], [-17.470217, 14.675897], [-17.470205, 14.675902], [-17.470185, 14.675909], [-17.470178, 14.675911], [-17.470166, 14.675916], [-17.470161, 14.675919], [-17.470149, 14.675926], [-17.470144, 14.675928], [-17.470134, 14.675933], [-17.470127, 14.675936], [-17.470119, 14.675941], [-17.470112, 14.675943], [-17.470105, 14.67595], [-17.4701, 14.67595], [-17.470095, 14.675955], [-17.47009, 14.675958], [-17.47009, 14.67596], [-17.470085, 14.67596], [-17.47008, 14.675963], [-17.470075, 14.675965], [-17.470068, 14.675972], [-17.470066, 14.675975], [-17.470063, 14.675977], [-17.470058, 14.675982], [-17.470056, 14.675987], [-17.470056, 14.675989], [-17.470056, 14.675994], [-17.470051, 14.675999], [-17.470049, 14.676001], [-17.470049, 14.676004], [-17.470046, 14.676006], [-17.470046, 14.676008], [-17.470008, 14.676095], [-17.470003, 14.676097], [-17.469996, 14.676112], [-17.469989, 14.676124], [-17.469984, 14.676143], [-17.469977, 14.676167], [-17.469972, 14.676188], [-17.469956, 14.676227], [-17.469953, 14.676236], [-17.469951, 14.676265], [-17.469951, 14.676277], [-17.469952, 14.676299], [-17.469952, 14.676306], [-17.469952, 14.676315], [-17.469952, 14.67632], [-17.469949, 14.676327], [-17.469949, 14.67633], [-17.469949, 14.676337], [-17.469947, 14.676342], [-17.469945, 14.676349], [-17.469942, 14.676358], [-17.46994, 14.676368], [-17.46994, 14.676375], [-17.46994, 14.676397], [-17.469943, 14.676409], [-17.469946, 14.676421], [-17.469946, 14.67643], [-17.469951, 14.676456], [-17.469953, 14.676475], [-17.469959, 14.676495], [-17.469959, 14.676507], [-17.469961, 14.676526], [-17.469964, 14.676547], [-17.469964, 14.676561], [-17.469969, 14.676588], [-17.46997, 14.676592], [-17.46997, 14.676609], [-17.46997, 14.676616], [-17.46997, 14.676624], [-17.46997, 14.676633], [-17.469975, 14.676657], [-17.46998, 14.676676], [-17.469993, 14.676705], [-17.470003, 14.676719], [-17.470015, 14.676747], [-17.470021, 14.676759], [-17.470026, 14.676774], [-17.470028, 14.676788], [-17.470038, 14.676819], [-17.470043, 14.676835], [-17.470025, 14.676917], [-17.470025, 14.676919], [-17.470013, 14.676955], [-17.470008, 14.67697], [-17.470003, 14.676986], [-17.469999, 14.677003], [-17.469994, 14.677018], [-17.469989, 14.677042], [-17.469989, 14.677049], [-17.46999, 14.677063], [-17.46999, 14.67707], [-17.469995, 14.677087], [-17.469995, 14.677092], [-17.469997, 14.677096], [-17.47, 14.677101], [-17.47, 14.677106], [-17.470002, 14.677111], [-17.470002, 14.677118], [-17.470005, 14.677125], [-17.470007, 14.677127], [-17.47001, 14.677137], [-17.47001, 14.677142], [-17.47001, 14.677144], [-17.47001, 14.677151], [-17.470013, 14.677158], [-17.470013, 14.677163], [-17.470013, 14.677178], [-17.470013, 14.677182], [-17.470013, 14.677187], [-17.470013, 14.67719], [-17.470013, 14.677197], [-17.470013, 14.677204], [-17.470013, 14.677211], [-17.470013, 14.677218], [-17.470013, 14.677223], [-17.470014, 14.67723], [-17.470011, 14.677237], [-17.470009, 14.677245], [-17.470004, 14.677252], [-17.469999, 14.677264], [-17.469994, 14.677273], [-17.469992, 14.677278], [-17.46999, 14.677283], [-17.469985, 14.677293], [-17.46998, 14.677297], [-17.469978, 14.677302], [-17.469975, 14.677305], [-17.46997, 14.67731], [-17.46997, 14.677312], [-17.469965, 14.677314], [-17.46996, 14.677314], [-17.469956, 14.677319], [-17.469953, 14.677322], [-17.469943, 14.677329], [-17.469939, 14.677331], [-17.469936, 14.677336], [-17.469929, 14.677341], [-17.469924, 14.677343], [-17.469919, 14.677346], [-17.469917, 14.677346], [-17.469907, 14.677353], [-17.469902, 14.677353], [-17.469897, 14.677356], [-17.469892, 14.677358], [-17.469878, 14.677365], [-17.469868, 14.677368], [-17.469851, 14.677378], [-17.469843, 14.677383], [-17.469836, 14.677387], [-17.469829, 14.677388], [-17.469814, 14.6774], [-17.469804, 14.677402], [-17.469797, 14.677409], [-17.46979, 14.677414], [-17.46978, 14.677424], [-17.469778, 14.677429], [-17.469768, 14.677436], [-17.469761, 14.677443], [-17.469756, 14.677446], [-17.469744, 14.67746], [-17.469741, 14.67747], [-17.469734, 14.677477], [-17.469729, 14.677484], [-17.469719, 14.677496], [-17.469717, 14.677501], [-17.46971, 14.677508], [-17.469705, 14.677516], [-17.469702, 14.67752], [-17.469695, 14.677528], [-17.469688, 14.677544], [-17.469683, 14.677554], [-17.469681, 14.677561], [-17.469676, 14.677566], [-17.469671, 14.67758], [-17.469666, 14.677588], [-17.469662, 14.677592], [-17.469657, 14.677612], [-17.469652, 14.677619], [-17.46965, 14.677626], [-17.469647, 14.677633], [-17.46964, 14.677648], [-17.469638, 14.677652], [-17.469633, 14.677657], [-17.46963, 14.677665], [-17.469621, 14.677679], [-17.469614, 14.677689], [-17.469609, 14.677693], [-17.469604, 14.677701], [-17.469594, 14.67771], [-17.469589, 14.677718], [-17.469584, 14.67772], [-17.46957, 14.677732], [-17.469563, 14.677739], [-17.469555, 14.677742], [-17.469548, 14.677749], [-17.469533, 14.677759], [-17.469526, 14.677764], [-17.469516, 14.677766], [-17.469509, 14.677771], [-17.469487, 14.677781], [-17.46948, 14.677781], [-17.469467, 14.677791], [-17.469448, 14.677803], [-17.469438, 14.677808], [-17.469426, 14.677812], [-17.469419, 14.677817], [-17.469399, 14.67783], [-17.469387, 14.677837], [-17.46938, 14.677842], [-17.469367, 14.677849], [-17.469345, 14.677864], [-17.469338, 14.677868], [-17.469328, 14.677873], [-17.469319, 14.677881], [-17.469302, 14.67789], [-17.469292, 14.677898], [-17.469289, 14.6779], [-17.469277, 14.67791], [-17.469272, 14.677917], [-17.469265, 14.677924], [-17.469263, 14.677927], [-17.469258, 14.677929], [-17.469255, 14.677934], [-17.46925, 14.677939], [-17.469248, 14.677941], [-17.469243, 14.677946], [-17.469241, 14.677948], [-17.469236, 14.677953], [-17.469229, 14.67796], [-17.469221, 14.677963], [-17.469219, 14.677968], [-17.469212, 14.67797], [-17.469209, 14.677975], [-17.469199, 14.677982], [-17.469192, 14.677987], [-17.46919, 14.677994], [-17.469187, 14.677997], [-17.469185, 14.678001], [-17.46918, 14.678006], [-17.46918, 14.678013], [-17.46918, 14.678016], [-17.469178, 14.678021], [-17.469173, 14.678035], [-17.469173, 14.678042], [-17.469171, 14.678049], [-17.469171, 14.678061], [-17.469171, 14.678069], [-17.469171, 14.678071], [-17.469171, 14.678078], [-17.469171, 14.678083], [-17.469166, 14.678088], [-17.469164, 14.67809], [-17.469164, 14.678093], [-17.469161, 14.678095], [-17.469157, 14.678105], [-17.469154, 14.678107], [-17.469154, 14.678112], [-17.469149, 14.678114], [-17.469147, 14.678117], [-17.469147, 14.678121], [-17.469142, 14.678126], [-17.469142, 14.678129], [-17.46914, 14.678131], [-17.469137, 14.678136], [-17.469137, 14.678138], [-17.469135, 14.678141], [-17.469132, 14.678143], [-17.469132, 14.678145], [-17.46913, 14.678148], [-17.469125, 14.678153], [-17.469123, 14.678158], [-17.46912, 14.678158], [-17.46912, 14.67816], [-17.469118, 14.67816], [-17.469118, 14.678165], [-17.469116, 14.678167], [-17.469113, 14.678167], [-17.469101, 14.678196], [-17.469101, 14.678201], [-17.469094, 14.67823], [-17.469085, 14.67827], [-17.469075, 14.678292], [-17.469068, 14.678311], [-17.469061, 14.67833], [-17.469049, 14.678364], [-17.469044, 14.678381], [-17.46904, 14.67845], [-17.46904, 14.678479], [-17.469041, 14.678503], [-17.469041, 14.678517], [-17.469039, 14.678529], [-17.469036, 14.678536], [-17.469036, 14.678546], [-17.469036, 14.678555], [-17.469036, 14.67856], [-17.469037, 14.678582], [-17.469037, 14.678589], [-17.469037, 14.678601], [-17.469037, 14.678608], [-17.469037, 14.678613], [-17.469037, 14.67862], [-17.469037, 14.678627], [-17.469037, 14.678634], [-17.469037, 14.678644], [-17.469037, 14.678646], [-17.469038, 14.678653], [-17.469038, 14.678668], [-17.469035, 14.678677], [-17.469035, 14.678687], [-17.469031, 14.678699], [-17.469031, 14.678703], [-17.469031, 14.678711], [-17.469028, 14.678723], [-17.469029, 14.67873], [-17.469026, 14.678739], [-17.469021, 14.678754], [-17.469022, 14.678763], [-17.469022, 14.678771], [-17.469022, 14.67878], [-17.469022, 14.678787], [-17.469019, 14.678792], [-17.469017, 14.678809], [-17.469017, 14.678816], [-17.469017, 14.678823], [-17.469015, 14.678838], [-17.469015, 14.678857], [-17.469015, 14.678869], [-17.469015, 14.678873], [-17.469016, 14.678883], [-17.469016, 14.678888], [-17.469016, 14.678895], [-17.469021, 14.678909], [-17.469023, 14.678921], [-17.469026, 14.678931], [-17.469028, 14.678938], [-17.469033, 14.67895], [-17.469039, 14.678964], [-17.469041, 14.678978], [-17.469049, 14.679002], [-17.469054, 14.679016], [-17.469056, 14.679026], [-17.469059, 14.679038], [-17.469064, 14.67905], [-17.469067, 14.679059], [-17.469077, 14.679078], [-17.469079, 14.679085], [-17.469082, 14.679095], [-17.469089, 14.679109], [-17.469092, 14.679116], [-17.469097, 14.679126], [-17.469099, 14.679131], [-17.469102, 14.679138], [-17.469107, 14.679145], [-17.469114, 14.679154], [-17.469119, 14.679164], [-17.469122, 14.679169], [-17.469129, 14.67918], [-17.469134, 14.679188], [-17.469142, 14.679199], [-17.469144, 14.679204], [-17.469154, 14.679216], [-17.469154, 14.679221], [-17.469159, 14.679226], [-17.469162, 14.679235], [-17.469167, 14.679242], [-17.469172, 14.679247], [-17.469174, 14.679254], [-17.469182, 14.679261], [-17.469184, 14.679266], [-17.469187, 14.679271], [-17.469192, 14.679275], [-17.469194, 14.67928], [-17.469194, 14.679283], [-17.469197, 14.679287], [-17.469197, 14.67929], [-17.469199, 14.679294], [-17.469204, 14.679299], [-17.469207, 14.679306], [-17.469209, 14.679309], [-17.469212, 14.679311], [-17.469214, 14.679318], [-17.469219, 14.679325], [-17.469219, 14.679333], [-17.469219, 14.679335], [-17.469222, 14.679337], [-17.469225, 14.679344], [-17.469225, 14.679347], [-17.469227, 14.679354], [-17.469227, 14.679364], [-17.46923, 14.679366], [-17.46923, 14.679371], [-17.46923, 14.679373], [-17.469232, 14.679378], [-17.469232, 14.67938], [-17.469232, 14.679383], [-17.469232, 14.679385], [-17.469232, 14.679387], [-17.469318, 14.679547], [-17.46932, 14.679547], [-17.469328, 14.679558], [-17.469384, 14.679589], [-17.469394, 14.679596], [-17.469417, 14.679608], [-17.469444, 14.679627], [-17.469451, 14.679629], [-17.469461, 14.679634], [-17.469464, 14.679636], [-17.469476, 14.679638], [-17.469483, 14.679643], [-17.469488, 14.679645], [-17.469498, 14.679647], [-17.469508, 14.679652], [-17.469523, 14.679657], [-17.469535, 14.679661], [-17.469547, 14.679664], [-17.469562, 14.679668], [-17.469572, 14.679668], [-17.469582, 14.679668], [-17.469597, 14.679675], [-17.469606, 14.679677], [-17.469616, 14.67968], [-17.469619, 14.679684], [-17.469626, 14.679684], [-17.469631, 14.679689], [-17.469636, 14.679691], [-17.469643, 14.679696], [-17.469648, 14.679701], [-17.469668, 14.679715], [-17.469678, 14.67972], [-17.469686, 14.679727], [-17.469708, 14.679743], [-17.469723, 14.679755], [-17.46973, 14.67976], [-17.46974, 14.679767], [-17.469752, 14.679776], [-17.469757, 14.679781], [-17.469767, 14.679786], [-17.469775, 14.679793], [-17.469792, 14.679802], [-17.469799, 14.679807], [-17.469807, 14.679809], [-17.469814, 14.679811], [-17.469819, 14.679816], [-17.469827, 14.679818], [-17.469829, 14.679823], [-17.469839, 14.679833], [-17.469841, 14.679835], [-17.469846, 14.67984], [-17.469846, 14.679842], [-17.469849, 14.679847], [-17.469851, 14.679852], [-17.469854, 14.679861], [-17.469854, 14.679866], [-17.469857, 14.679868], [-17.469857, 14.67988], [-17.469857, 14.679892], [-17.469857, 14.679897], [-17.469857, 14.679904], [-17.469857, 14.679911], [-17.469855, 14.679926], [-17.469852, 14.679933], [-17.469845, 14.679947], [-17.469845, 14.679952], [-17.469843, 14.679957], [-17.469838, 14.679967], [-17.469836, 14.679971], [-17.469828, 14.679979], [-17.469828, 14.679983], [-17.469819, 14.679995], [-17.469814, 14.68], [-17.469809, 14.680005], [-17.469804, 14.68001], [-17.469794, 14.680027], [-17.46979, 14.680051], [-17.469785, 14.680065], [-17.469776, 14.680089], [-17.469773, 14.680096], [-17.469768, 14.680104], [-17.469764, 14.680116], [-17.469759, 14.68012], [-17.469759, 14.680125], [-17.469752, 14.680137], [-17.469744, 14.680144], [-17.469742, 14.680152], [-17.469739, 14.680156], [-17.469735, 14.680168], [-17.469732, 14.680176], [-17.46973, 14.680185], [-17.469728, 14.680202], [-17.469728, 14.680207], [-17.469728, 14.680214], [-17.469728, 14.680223], [-17.469728, 14.680233], [-17.469728, 14.680238], [-17.469728, 14.680243], [-17.469728, 14.680247], [-17.469728, 14.680255], [-17.469728, 14.680257], [-17.469726, 14.680267], [-17.469724, 14.680269], [-17.469719, 14.680276], [-17.469709, 14.680286], [-17.469707, 14.680288], [-17.469702, 14.680295], [-17.469697, 14.680298], [-17.469692, 14.680303], [-17.469687, 14.680308], [-17.469682, 14.680315], [-17.469677, 14.680322], [-17.469678, 14.680327], [-17.469673, 14.680334], [-17.46967, 14.680339], [-17.469668, 14.680356], [-17.469663, 14.68036], [-17.469661, 14.680368], [-17.469658, 14.680375], [-17.469659, 14.680382], [-17.469656, 14.680392], [-17.469654, 14.680401], [-17.469654, 14.680411], [-17.469652, 14.68042], [-17.469649, 14.68043], [-17.469649, 14.680435], [-17.469649, 14.680449], [-17.46965, 14.680466], [-17.46965, 14.680473], [-17.46965, 14.68048], [-17.46965, 14.680492], [-17.46965, 14.680497], [-17.46965, 14.680504], [-17.46965, 14.680511], [-17.46965, 14.680516], [-17.46965, 14.680525], [-17.46965, 14.680528], [-17.469655, 14.680537], [-17.469655, 14.680542], [-17.469655, 14.680545], [-17.469658, 14.680549], [-17.46966, 14.680556], [-17.469663, 14.680566], [-17.469668, 14.680573], [-17.469668, 14.68058], [-17.469671, 14.680585], [-17.469673, 14.68059], [-17.469673, 14.680592], [-17.469676, 14.680597], [-17.469676, 14.680604], [-17.469678, 14.680609], [-17.469678, 14.680611], [-17.469678, 14.680616], [-17.469681, 14.680621], [-17.469681, 14.680628], [-17.469686, 14.680637], [-17.469686, 14.68064], [-17.469688, 14.680642], [-17.469688, 14.680647], [-17.469689, 14.680652], [-17.469691, 14.680654], [-17.469691, 14.680659], [-17.469694, 14.680661], [-17.469694, 14.680666], [-17.469696, 14.680668], [-17.469696, 14.680673], [-17.469699, 14.680678], [-17.469699, 14.68068], [-17.469699, 14.680683], [-17.469699, 14.680687], [-17.469699, 14.680692], [-17.469699, 14.680695], [-17.469701, 14.680699], [-17.469701, 14.680702], [-17.469701, 14.680704], [-17.469701, 14.680707], [-17.469704, 14.680711], [-17.469706, 14.680716], [-17.469707, 14.680721], [-17.469707, 14.680726], [-17.469707, 14.680733], [-17.469707, 14.680735], [-17.469707, 14.680738], [-17.469707, 14.68074], [-17.469707, 14.680742], [-17.469707, 14.680745], [-17.469707, 14.680747], [-17.469707, 14.68075], [-17.469707, 14.680754], [-17.469707, 14.680757], [-17.469704, 14.680759], [-17.469705, 14.680764], [-17.4697, 14.680771], [-17.469697, 14.680774], [-17.469695, 14.680776], [-17.469692, 14.680778], [-17.46969, 14.680781], [-17.46969, 14.680783], [-17.469688, 14.680786], [-17.469688, 14.680788], [-17.469685, 14.68079], [-17.469683, 14.68079], [-17.469683, 14.680793], [-17.46968, 14.680793], [-17.469678, 14.680798], [-17.469675, 14.6808], [-17.469676, 14.680802], [-17.469676, 14.680805], [-17.469673, 14.680805], [-17.469673, 14.680807], [-17.469634, 14.680855], [-17.469634, 14.680858], [-17.46963, 14.680865], [-17.469622, 14.68088], [-17.469618, 14.680892], [-17.469613, 14.680899], [-17.46961, 14.680904], [-17.46961, 14.680908], [-17.469608, 14.680911], [-17.469606, 14.680916], [-17.469606, 14.680923], [-17.469603, 14.680935], [-17.469601, 14.68094], [-17.469601, 14.680944], [-17.469599, 14.680947], [-17.469599, 14.680949], [-17.469599, 14.680954], [-17.469599, 14.680956], [-17.469599, 14.680961], [-17.469599, 14.680966], [-17.469599, 14.680973], [-17.469599, 14.68098], [-17.469601, 14.68099], [-17.469604, 14.681002], [-17.469604, 14.681009], [-17.469607, 14.681011], [-17.469612, 14.681023], [-17.469614, 14.681028], [-17.469619, 14.681042], [-17.469627, 14.681056], [-17.469627, 14.681061], [-17.469629, 14.681068], [-17.469634, 14.681075], [-17.469634, 14.681078], [-17.469637, 14.681083], [-17.469639, 14.681085], [-17.469639, 14.68109], [-17.469642, 14.681097], [-17.469642, 14.681104], [-17.469645, 14.681109], [-17.469645, 14.681116], [-17.469645, 14.681118], [-17.469645, 14.681123], [-17.469645, 14.681125], [-17.469645, 14.68113], [-17.469642, 14.68114], [-17.469643, 14.681145], [-17.46964, 14.681149], [-17.469638, 14.681154], [-17.469638, 14.681157], [-17.469635, 14.681161], [-17.46963, 14.681166], [-17.469631, 14.681169], [-17.469628, 14.681171], [-17.469626, 14.681176], [-17.469623, 14.681178], [-17.469618, 14.68119], [-17.469618, 14.681193], [-17.469616, 14.6812], [-17.469614, 14.6812], [-17.469614, 14.681205], [-17.469609, 14.681212], [-17.469607, 14.681224], [-17.469607, 14.681229], [-17.469604, 14.681236], [-17.469602, 14.681243], [-17.469599, 14.681248], [-17.469597, 14.681257], [-17.469595, 14.681267], [-17.469592, 14.681274], [-17.46959, 14.681281], [-17.469588, 14.681289], [-17.469585, 14.681293], [-17.469585, 14.681308], [-17.469585, 14.681315], [-17.469586, 14.68132], [-17.469586, 14.681327], [-17.469586, 14.681334], [-17.469586, 14.681351], [-17.469586, 14.681365], [-17.469586, 14.681372], [-17.469589, 14.681379], [-17.469589, 14.681387], [-17.469591, 14.681394], [-17.469594, 14.68141], [-17.469597, 14.681422], [-17.469599, 14.68143], [-17.469599, 14.681437], [-17.469602, 14.681444], [-17.469604, 14.681451], [-17.469604, 14.681468], [-17.469604, 14.681472], [-17.469605, 14.681477], [-17.469605, 14.681482], [-17.469605, 14.681489], [-17.469607, 14.681499], [-17.469607, 14.681506], [-17.469607, 14.681508], [-17.469607, 14.681511], [-17.469607, 14.681515], [-17.469607, 14.68152], [-17.469608, 14.681527], [-17.469603, 14.681532], [-17.469598, 14.681537], [-17.469593, 14.681542], [-17.469588, 14.681549], [-17.469583, 14.681556], [-17.469574, 14.681566], [-17.469566, 14.68158], [-17.469562, 14.68159], [-17.469557, 14.681597], [-17.469557, 14.681604], [-17.46955, 14.681621], [-17.469547, 14.681633], [-17.469547, 14.681638], [-17.469545, 14.681645], [-17.469543, 14.681657], [-17.469543, 14.681664], [-17.46954, 14.681674], [-17.469541, 14.681686], [-17.469541, 14.681695], [-17.469541, 14.681703], [-17.469541, 14.681712], [-17.469541, 14.681719], [-17.469541, 14.681724], [-17.469541, 14.681729], [-17.469541, 14.681736], [-17.469541, 14.681741], [-17.469539, 14.681748], [-17.469539, 14.681765], [-17.469534, 14.681786], [-17.469534, 14.681791], [-17.469534, 14.681796], [-17.469534, 14.681801], [-17.469535, 14.681808], [-17.469535, 14.68181], [-17.469535, 14.681817], [-17.469535, 14.68182], [-17.469535, 14.681822], [-17.469535, 14.681829], [-17.469535, 14.681834], [-17.469535, 14.681839], [-17.469537, 14.681841], [-17.469537, 14.681846], [-17.46954, 14.681848], [-17.46954, 14.681851], [-17.46954, 14.681856], [-17.46954, 14.681863], [-17.46954, 14.681868], [-17.469543, 14.681872], [-17.469543, 14.681875], [-17.469545, 14.681879], [-17.469545, 14.681882], [-17.469545, 14.681884], [-17.469545, 14.681887], [-17.469545, 14.681889], [-17.469526, 14.681942], [-17.469524, 14.681947], [-17.469521, 14.681954], [-17.469512, 14.681966], [-17.469502, 14.681976], [-17.4695, 14.681978], [-17.4695, 14.681983], [-17.469497, 14.681983], [-17.469497, 14.681985], [-17.469492, 14.68199], [-17.46949, 14.681992], [-17.469488, 14.681997], [-17.469485, 14.682002], [-17.46948, 14.682007], [-17.46948, 14.682009], [-17.46948, 14.682019], [-17.469481, 14.682033], [-17.469481, 14.682045], [-17.469476, 14.682055], [-17.469474, 14.682064], [-17.469474, 14.682067], [-17.469471, 14.682074], [-17.469471, 14.682076], [-17.469466, 14.682086], [-17.469464, 14.6821], [-17.469462, 14.682112], [-17.469462, 14.682119], [-17.469457, 14.682127], [-17.469455, 14.682139], [-17.469448, 14.68216], [-17.469445, 14.682165], [-17.469443, 14.682172], [-17.469436, 14.682187], [-17.469428, 14.682201], [-17.469424, 14.682215], [-17.469421, 14.682223], [-17.469419, 14.682227], [-17.469417, 14.682237], [-17.469414, 14.682244], [-17.469407, 14.682256], [-17.4694, 14.682266], [-17.469397, 14.682271], [-17.469395, 14.682278], [-17.46939, 14.682292], [-17.469388, 14.682314], [-17.469388, 14.682328], [-17.469388, 14.682335], [-17.469388, 14.682342], [-17.469389, 14.682362], [-17.469389, 14.682381], [-17.469389, 14.68239], [-17.469389, 14.682397], [-17.469389, 14.682407], [-17.469389, 14.682414], [-17.469389, 14.682431], [-17.469389, 14.682445], [-17.46939, 14.682455], [-17.46939, 14.682464], [-17.46939, 14.682479], [-17.46939, 14.682483], [-17.469388, 14.682491], [-17.469388, 14.682495], [-17.469383, 14.682505], [-17.469383, 14.68251], [-17.469383, 14.682515], [-17.469383, 14.682524], [-17.469383, 14.682529], [-17.469383, 14.682534], [-17.469383, 14.682546], [-17.469383, 14.682558], [-17.469383, 14.682562], [-17.469384, 14.68257], [-17.469389, 14.682581], [-17.469396, 14.682593], [-17.469396, 14.682598], [-17.469399, 14.682605], [-17.469404, 14.682615], [-17.469406, 14.682629], [-17.469406, 14.682634], [-17.469406, 14.682639], [-17.469406, 14.682643], [-17.469406, 14.682646], [-17.469407, 14.682651], [-17.469407, 14.68266], [-17.469407, 14.682667], [-17.469402, 14.682679], [-17.469397, 14.682687], [-17.46939, 14.682699], [-17.469383, 14.682715], [-17.469373, 14.682727], [-17.469368, 14.682739], [-17.469368, 14.682747], [-17.469359, 14.682761], [-17.469354, 14.682771], [-17.469351, 14.682778], [-17.469349, 14.68278], [-17.469344, 14.682785], [-17.469344, 14.68279], [-17.469337, 14.6828], [-17.469332, 14.682809], [-17.469328, 14.682815], [-17.469327, 14.682816], [-17.469325, 14.682821], [-17.46932, 14.682826], [-17.469315, 14.682831], [-17.469313, 14.682833], [-17.46931, 14.682836], [-17.469306, 14.682841], [-17.469298, 14.682845], [-17.469293, 14.682848], [-17.469293, 14.68285], [-17.469288, 14.682853], [-17.469288, 14.682855], [-17.469281, 14.682862], [-17.469276, 14.682867], [-17.469274, 14.682872], [-17.469272, 14.682877], [-17.469269, 14.682877], [-17.469267, 14.682884], [-17.469262, 14.682891], [-17.469259, 14.682896], [-17.469255, 14.682906], [-17.469255, 14.682915], [-17.469252, 14.682922], [-17.469252, 14.682927], [-17.46925, 14.682942], [-17.46925, 14.682953], [-17.46925, 14.682968], [-17.469248, 14.682982], [-17.469248, 14.682987], [-17.469248, 14.682994], [-17.469241, 14.683009], [-17.469234, 14.683025], [-17.469229, 14.683035], [-17.469224, 14.68304], [-17.469224, 14.683045], [-17.469224, 14.683047], [-17.46922, 14.683054], [-17.46922, 14.683059], [-17.469217, 14.683064], [-17.469215, 14.683071], [-17.469215, 14.683078], [-17.469215, 14.683085], [-17.469213, 14.68309], [-17.469213, 14.683092], [-17.469213, 14.6831], [-17.469213, 14.683102], [-17.469213, 14.683109], [-17.469213, 14.683116], [-17.469213, 14.683124], [-17.469213, 14.683126], [-17.469213, 14.683131], [-17.469213, 14.68314], [-17.469213, 14.683143], [-17.469213, 14.683145], [-17.469216, 14.683147], [-17.469216, 14.68315], [-17.469216, 14.683155], [-17.469216, 14.683157], [-17.469216, 14.683159], [-17.469216, 14.683162], [-17.469216, 14.683164], [-17.469216, 14.683167], [-17.469216, 14.683169], [-17.469216, 14.683171], [-17.469216, 14.683176], [-17.469216, 14.683179], [-17.469214, 14.683219], [-17.469214, 14.683222], [-17.469214, 14.683234], [-17.469217, 14.683255], [-17.469227, 14.6833], [-17.469233, 14.683343], [-17.46924, 14.683374], [-17.469248, 14.683396], [-17.46926, 14.683417], [-17.469271, 14.683441], [-17.469273, 14.683448], [-17.469276, 14.683453], [-17.469278, 14.683458], [-17.469281, 14.683467], [-17.469281, 14.683474], [-17.469281, 14.683479], [-17.469281, 14.683493], [-17.469283, 14.6835], [-17.469284, 14.68351], [-17.469284, 14.68352], [-17.469284, 14.683529], [-17.469284, 14.683534], [-17.469281, 14.683541], [-17.469279, 14.683556], [-17.469279, 14.68356], [-17.469279, 14.683572], [-17.469279, 14.683584], [-17.46928, 14.683596], [-17.46928, 14.68361], [-17.469287, 14.683632], [-17.46929, 14.683639], [-17.46929, 14.683651], [-17.469295, 14.683668], [-17.469303, 14.683694], [-17.46931, 14.68372], [-17.469316, 14.683732], [-17.469321, 14.683746], [-17.469323, 14.68377], [-17.469329, 14.683806], [-17.469336, 14.683844], [-17.469342, 14.68388], [-17.469347, 14.683901], [-17.46935, 14.68392], [-17.469352, 14.683937], [-17.469358, 14.68398], [-17.469365, 14.684018], [-17.469371, 14.684045], [-17.469373, 14.684054], [-17.469373, 14.684066], [-17.469376, 14.684085], [-17.469381, 14.684104], [-17.469384, 14.684118], [-17.469389, 14.684133], [-17.469389, 14.68414], [-17.469389, 14.684147], [-17.469389, 14.684157], [-17.469389, 14.684164], [-17.469389, 14.684173], [-17.469389, 14.684181], [-17.469389, 14.684188], [-17.469389, 14.684195], [-17.46939, 14.684202], [-17.46939, 14.684207], [-17.46939, 14.684209], [-17.46939, 14.684214], [-17.469392, 14.684221], [-17.469395, 14.684224], [-17.469395, 14.684226], [-17.469395, 14.684228], [-17.469395, 14.684231], [-17.469395, 14.684233], [-17.469395, 14.684235], [-17.469397, 14.684238], [-17.4694, 14.684238], [-17.4694, 14.68424], [-17.469428, 14.684338], [-17.469428, 14.68434], [-17.469428, 14.684345], [-17.469431, 14.684355], [-17.469433, 14.684362], [-17.469436, 14.684376], [-17.469448, 14.684402], [-17.469476, 14.684435], [-17.469505, 14.684464], [-17.469533, 14.684485], [-17.469565, 14.684504], [-17.469597, 14.684523], [-17.469619, 14.684537], [-17.469629, 14.684544], [-17.469639, 14.684548], [-17.469661, 14.684565], [-17.469691, 14.684581], [-17.469701, 14.684588], [-17.469713, 14.684598], [-17.469718, 14.684603], [-17.469731, 14.684617], [-17.469736, 14.684621], [-17.469743, 14.684629], [-17.46976, 14.684643], [-17.46977, 14.684652], [-17.469783, 14.684662], [-17.4698, 14.684676], [-17.469812, 14.684688], [-17.469825, 14.684697], [-17.469832, 14.684702], [-17.469835, 14.684706], [-17.469837, 14.684709], [-17.469845, 14.684716], [-17.469852, 14.684723], [-17.469867, 14.684728], [-17.469882, 14.684737], [-17.469899, 14.684744], [-17.469916, 14.684751], [-17.469924, 14.684756], [-17.469946, 14.684767], [-17.469956, 14.684772], [-17.469968, 14.684779], [-17.469986, 14.684793], [-17.47, 14.684805], [-17.470013, 14.684812], [-17.470023, 14.684824], [-17.47003, 14.684829], [-17.47004, 14.684836], [-17.470047, 14.68484], [-17.470052, 14.684845], [-17.470055, 14.68485], [-17.470057, 14.684857], [-17.470058, 14.684867], [-17.470063, 14.684881], [-17.470065, 14.684893], [-17.470065, 14.684912], [-17.470066, 14.684929], [-17.470071, 14.684953], [-17.470076, 14.684974], [-17.470081, 14.684991], [-17.470086, 14.685012], [-17.470089, 14.685029], [-17.470094, 14.685038], [-17.470096, 14.685053], [-17.470097, 14.685067], [-17.470097, 14.685079], [-17.470097, 14.685093], [-17.470097, 14.685103], [-17.470097, 14.685117], [-17.470097, 14.685129], [-17.470098, 14.685148], [-17.470098, 14.685165], [-17.470098, 14.685187], [-17.470098, 14.685198], [-17.470098, 14.685213], [-17.470091, 14.68523], [-17.470091, 14.685234], [-17.470086, 14.685254], [-17.470084, 14.685258], [-17.470082, 14.685268], [-17.470077, 14.685282], [-17.470072, 14.685292], [-17.470063, 14.685309], [-17.47005, 14.685323], [-17.470043, 14.685331], [-17.470031, 14.685338], [-17.470019, 14.685348], [-17.470014, 14.685352], [-17.470004, 14.68536], [-17.469994, 14.685367], [-17.469985, 14.685377], [-17.469975, 14.685386], [-17.469963, 14.685403], [-17.469946, 14.685425], [-17.469929, 14.685442], [-17.46991, 14.685459], [-17.469895, 14.685476], [-17.469878, 14.685492], [-17.469859, 14.685514], [-17.469844, 14.685533], [-17.469837, 14.685548], [-17.46983, 14.68556], [-17.469827, 14.685562], [-17.469822, 14.68557], [-17.46982, 14.685572], [-17.469818, 14.685577], [-17.469815, 14.685582], [-17.46981, 14.685589], [-17.469805, 14.685594], [-17.469803, 14.685598], [-17.469796, 14.68561], [-17.469793, 14.68562], [-17.469786, 14.685632], [-17.469786, 14.685637], [-17.469781, 14.685646], [-17.469777, 14.685656], [-17.469774, 14.685663], [-17.469774, 14.685666], [-17.469774, 14.685668], [-17.469772, 14.68567], [-17.46977, 14.685675], [-17.46977, 14.685678], [-17.46977, 14.68568], [-17.469767, 14.68568], [-17.469765, 14.685682], [-17.469751, 14.685764], [-17.469751, 14.685769], [-17.469751, 14.685776], [-17.469751, 14.685788], [-17.469751, 14.685793], [-17.469751, 14.6858], [-17.469754, 14.685816], [-17.469757, 14.68584], [-17.469757, 14.685847], [-17.469757, 14.685859], [-17.469762, 14.685869], [-17.469767, 14.685881], [-17.469767, 14.68589], [-17.46977, 14.685895], [-17.46977, 14.685905], [-17.469772, 14.685914], [-17.469775, 14.685924], [-17.469775, 14.685929], [-17.469775, 14.685933], [-17.469775, 14.685936], [-17.469775, 14.685938], [-17.469775, 14.685943], [-17.469775, 14.685948], [-17.469775, 14.685955], [-17.469775, 14.685962], [-17.469775, 14.685967], [-17.469775, 14.685974], [-17.469775, 14.685979], [-17.469775, 14.685986], [-17.469776, 14.685991], [-17.469778, 14.685998], [-17.469778, 14.686003], [-17.469778, 14.686005], [-17.469778, 14.686007], [-17.469778, 14.68601], [-17.469778, 14.686017], [-17.469781, 14.686019], [-17.469781, 14.686022], [-17.469781, 14.686024], [-17.469783, 14.686026], [-17.469783, 14.686031], [-17.469786, 14.686036], [-17.469786, 14.686038], [-17.469788, 14.686041], [-17.469788, 14.686043], [-17.469788, 14.686046], [-17.469791, 14.686046], [-17.46979, 14.686126], [-17.469857, 14.68642], [-17.470017, 14.686496], [-17.470305, 14.68654], [-17.470562, 14.686615], [-17.47085, 14.686736], [-17.470836, 14.686861], [-17.470773, 14.686986], [-17.470999, 14.687139], [-17.471208, 14.687261], [-17.471416, 14.687321], [-17.471991, 14.68733], [-17.472214, 14.687281], [-17.472516, 14.687169], [-17.472661, 14.687276], [-17.472805, 14.687337], [-17.472981, 14.68732], [-17.47314, 14.687256], [-17.473317, 14.687425], [-17.473287, 14.687581], [-17.473177, 14.687706], [-17.473034, 14.68777], [-17.472891, 14.687849], [-17.472844, 14.687943], [-17.472959, 14.688222], [-17.473088, 14.688282], [-17.473233, 14.688421], [-17.473362, 14.688575], [-17.473413, 14.688776], [-17.473542, 14.688915], [-17.473686, 14.68896], [-17.473879, 14.689036], [-17.474117, 14.688955], [-17.474277, 14.689], [-17.474373, 14.688999], [-17.474518, 14.689138], [-17.474488, 14.689262], [-17.474601, 14.689354], [-17.474522, 14.68948], [-17.47441, 14.689465], [-17.474251, 14.689482], [-17.474221, 14.689638], [-17.474349, 14.689668], [-17.474398, 14.689823], [-17.474368, 14.689932], [-17.47429, 14.690119], [-17.474276, 14.690306], [-17.474134, 14.690448], [-17.474184, 14.690618], [-17.474314, 14.690834], [-17.474492, 14.69105], [-17.474622, 14.691204], [-17.474766, 14.69128], [-17.474974, 14.691309], [-17.475228, 14.691182], [-17.475532, 14.691179], [-17.475659, 14.691162], [-17.475834, 14.691067], [-17.47582, 14.691285], [-17.476012, 14.691298], [-17.475982, 14.691438], [-17.476127, 14.691546], [-17.476302, 14.691544], [-17.476477, 14.691495], [-17.47662, 14.691416], [-17.476765, 14.691539], [-17.476768, 14.691803], [-17.476739, 14.692005], [-17.47674, 14.692145], [-17.476742, 14.692347], [-17.476776, 14.692487], [-17.476857, 14.692595], [-17.477017, 14.692624], [-17.477177, 14.692654], [-17.477402, 14.69276], [-17.477403, 14.692822], [-17.477259, 14.692824], [-17.477083, 14.692826], [-17.476876, 14.692843], [-17.476556, 14.692816], [-17.47638, 14.692786], [-17.476061, 14.692774], [-17.475981, 14.692775], [-17.475967, 14.692931], [-17.475839, 14.692979], [-17.47576, 14.693057], [-17.475525, 14.693386], [-17.475259, 14.693949], [-17.474519, 14.694889], [-17.473702, 14.696079], [-17.47365, 14.696188], [-17.473561, 14.696233], [-17.473417, 14.696305], [-17.47334, 14.696386], [-17.473208, 14.696525], [-17.473177, 14.696914], [-17.473392, 14.697221], [-17.473653, 14.697458], [-17.474033, 14.697786], [-17.474319, 14.698126], [-17.474639, 14.698375], [-17.474771, 14.698625], [-17.47469, 14.698717], [-17.474855, 14.698807], [-17.475149, 14.698827], [-17.475434, 14.699041], [-17.475601, 14.699268], [-17.475465, 14.699746], [-17.475337, 14.700575], [-17.475281, 14.700777], [-17.475266, 14.700972], [-17.475291, 14.700999], [-17.474599, 14.703203], [-17.474635, 14.703375], [-17.474627, 14.703392], [-17.474436, 14.703331], [-17.473999, 14.703118], [-17.473714, 14.702915], [-17.472901, 14.702277], [-17.472837, 14.702227], [-17.471731, 14.701299], [-17.4688, 14.69884], [-17.468151, 14.69898], [-17.467213, 14.699183], [-17.464188, 14.70254], [-17.463346, 14.703475], [-17.462934, 14.703931], [-17.462802, 14.704083], [-17.462032, 14.704961], [-17.461738, 14.705296], [-17.46103, 14.706104], [-17.461015, 14.706122], [-17.46008, 14.707188], [-17.460076, 14.707193], [-17.460065, 14.70718], [-17.460061, 14.707175], [-17.459785, 14.70685], [-17.459717, 14.706769], [-17.459625, 14.706661], [-17.458778, 14.705663], [-17.45803, 14.704782], [-17.45803, 14.704781], [-17.45781, 14.704522], [-17.457558, 14.704225], [-17.45731, 14.703933], [-17.457039, 14.703613], [-17.45637, 14.702825], [-17.455733, 14.702047], [-17.455624, 14.701922], [-17.454803, 14.700986], [-17.453946, 14.70001]]]}, "properties": {"commune": "FANN POINT E AMITIE", "key": "FANN POINT E AMITIE", "population": 18841.0}}, {"type": "Feature", "geometry": {"type": "Polygon", "coordinates": [[[-17.445785, 14.697513], [-17.445531, 14.69748], [-17.44538, 14.697512], [-17.445228, 14.697545], [-17.444831, 14.697674], [-17.44424, 14.697919], [-17.444108, 14.697964], [-17.443932, 14.697968], [-17.442285, 14.697974], [-17.44237, 14.696323], [-17.442517, 14.694192], [-17.442521, 14.694136], [-17.442624, 14.692654], [-17.44263, 14.692563], [-17.442732, 14.692564], [-17.443165, 14.692561], [-17.443253, 14.692562], [-17.444794, 14.692578], [-17.444822, 14.692552], [-17.445524, 14.691855], [-17.445526, 14.691853], [-17.445594, 14.691787], [-17.446652, 14.690768], [-17.446801, 14.690659], [-17.446799, 14.690473], [-17.446829, 14.690287], [-17.446964, 14.69027], [-17.447038, 14.690303], [-17.447046, 14.690312], [-17.447361, 14.690701], [-17.447379, 14.690751], [-17.447448, 14.690948], [-17.447783, 14.691082], [-17.448306, 14.691291], [-17.448776, 14.691479], [-17.449605, 14.69181], [-17.449606, 14.691811], [-17.449703, 14.691852], [-17.450516, 14.690283], [-17.450665, 14.690009], [-17.450676, 14.689987], [-17.450794, 14.68977], [-17.450798, 14.689762], [-17.451121, 14.689167], [-17.451656, 14.688184], [-17.451659, 14.688178], [-17.45196, 14.687624], [-17.452505, 14.68662], [-17.453044, 14.685627], [-17.453049, 14.685618], [-17.453283, 14.685113], [-17.453532, 14.684579], [-17.453774, 14.684066], [-17.454225, 14.683111], [-17.454256, 14.683045], [-17.454765, 14.681969], [-17.454816, 14.68186], [-17.454825, 14.681841], [-17.455474, 14.680467], [-17.455819, 14.679732], [-17.45582, 14.679729], [-17.456007, 14.679331], [-17.456501, 14.678993], [-17.456822, 14.678774], [-17.45688, 14.678731], [-17.45793, 14.677965], [-17.45854, 14.677438], [-17.458679, 14.677526], [-17.458774, 14.67759], [-17.458843, 14.677764], [-17.458873, 14.677839], [-17.459141, 14.678121], [-17.459469, 14.678325], [-17.459759, 14.67847], [-17.460535, 14.678677], [-17.460676, 14.678698], [-17.460704, 14.678702], [-17.460699, 14.678755], [-17.460676, 14.679007], [-17.460664, 14.679394], [-17.460633, 14.679563], [-17.460634, 14.67963], [-17.460634, 14.679696], [-17.460637, 14.679904], [-17.460639, 14.680119], [-17.460645, 14.680674], [-17.460649, 14.68104], [-17.460651, 14.681228], [-17.460656, 14.681679], [-17.460657, 14.681697], [-17.460668, 14.682711], [-17.460673, 14.683129], [-17.460674, 14.683211], [-17.460696, 14.683792], [-17.460657, 14.686467], [-17.458488, 14.690189], [-17.45706, 14.691553], [-17.45635, 14.692246], [-17.455448, 14.693126], [-17.454523, 14.694028], [-17.454507, 14.694045], [-17.454506, 14.694044], [-17.454494, 14.694055], [-17.453872, 14.694621], [-17.451386, 14.696884], [-17.451305, 14.697005], [-17.45122, 14.697124], [-17.451129, 14.697238], [-17.451033, 14.697349], [-17.450932, 14.697456], [-17.450827, 14.697558], [-17.450718, 14.697656], [-17.450604, 14.697749], [-17.450486, 14.697838], [-17.450375, 14.697922], [-17.450259, 14.698], [-17.450139, 14.698072], [-17.450016, 14.698138], [-17.44989, 14.698199], [-17.44976, 14.698252], [-17.449628, 14.6983], [-17.449494, 14.698341], [-17.449358, 14.698375], [-17.44922, 14.698403], [-17.449081, 14.698424], [-17.44888, 14.698431], [-17.448679, 14.698431], [-17.448479, 14.698425], [-17.448279, 14.698411], [-17.448079, 14.698391], [-17.44788, 14.698365], [-17.447682, 14.698331], [-17.44729, 14.698259], [-17.447032, 14.698091], [-17.446944, 14.698046], [-17.446934, 14.698043], [-17.446914, 14.698023], [-17.44687, 14.697981], [-17.446687, 14.697852], [-17.446499, 14.697733], [-17.44649, 14.697728], [-17.446306, 14.697634], [-17.446293, 14.697629], [-17.446266, 14.697621], [-17.44605, 14.69755], [-17.445915, 14.697537], [-17.445785, 14.697513]]]}, "properties": {"commune": "GUEULE TAPEE FASS COLOBANE", "key": "GUEULE TAPEE FASS COLOBANE", "population": 52270.0}}, {"type": "Feature", "geometry": {"type": "Polygon", "coordinates": [[[-17.442605, 14.690923], [-17.442264, 14.68944], [-17.442224, 14.689282], [-17.442136, 14.688939], [-17.44181, 14.687595], [-17.44174, 14.687304], [-17.441452, 14.686131], [-17.441277, 14.685392], [-17.440993, 14.684591], [-17.440935, 14.684471], [-17.440897, 14.684392], [-17.440721, 14.684016], [-17.440481, 14.683636], [-17.44032, 14.683377], [-17.439719, 14.682523], [-17.439969, 14.682313], [-17.440586, 14.681823], [-17.441079, 14.681423], [-17.443086, 14.679673], [-17.44309, 14.67967], [-17.443128, 14.679636], [-17.445773, 14.677259], [-17.445777, 14.677255], [-17.446402, 14.676701], [-17.446598, 14.676527], [-17.447416, 14.6758], [-17.447421, 14.675796], [-17.44743, 14.675789], [-17.448282, 14.675062], [-17.449078, 14.674382], [-17.449079, 14.674381], [-17.449129, 14.674339], [-17.449885, 14.673689], [-17.449906, 14.673671], [-17.450029, 14.673407], [-17.450067, 14.673026], [-17.450132, 14.673015], [-17.450137, 14.673015], [-17.450147, 14.673012], [-17.450151, 14.673008], [-17.450158, 14.673005], [-17.450165, 14.673005], [-17.450176, 14.673001], [-17.45018, 14.672998], [-17.450187, 14.672994], [-17.45019, 14.672994], [-17.450194, 14.672991], [-17.450201, 14.672991], [-17.450208, 14.672987], [-17.450215, 14.672984], [-17.450222, 14.67298], [-17.450229, 14.67298], [-17.450229, 14.672977], [-17.450233, 14.672977], [-17.450237, 14.672973], [-17.45024, 14.672973], [-17.450244, 14.672973], [-17.450244, 14.67297], [-17.450251, 14.67297], [-17.450251, 14.672966], [-17.450254, 14.672963], [-17.450258, 14.67296], [-17.450262, 14.672956], [-17.450265, 14.672953], [-17.450269, 14.672953], [-17.450276, 14.672949], [-17.450276, 14.672946], [-17.450279, 14.672946], [-17.450279, 14.672942], [-17.450287, 14.672942], [-17.450287, 14.672939], [-17.45029, 14.672935], [-17.450294, 14.672935], [-17.450301, 14.672928], [-17.450304, 14.672928], [-17.450308, 14.672921], [-17.450311, 14.672921], [-17.450315, 14.672918], [-17.450319, 14.672914], [-17.450326, 14.672907], [-17.450329, 14.672907], [-17.450336, 14.672904], [-17.450344, 14.672901], [-17.450344, 14.672897], [-17.450347, 14.672894], [-17.450351, 14.672894], [-17.450354, 14.67289], [-17.450361, 14.672883], [-17.450365, 14.672883], [-17.450372, 14.67288], [-17.450376, 14.672876], [-17.450383, 14.672873], [-17.45039, 14.672873], [-17.450393, 14.672869], [-17.450401, 14.672866], [-17.450404, 14.672866], [-17.450408, 14.672862], [-17.450415, 14.672859], [-17.450426, 14.672859], [-17.450429, 14.672855], [-17.450436, 14.672852], [-17.45044, 14.672852], [-17.450443, 14.672852], [-17.450451, 14.672852], [-17.450458, 14.672848], [-17.450472, 14.672848], [-17.450475, 14.672848], [-17.450483, 14.672848], [-17.450486, 14.672848], [-17.45049, 14.672848], [-17.450493, 14.672848], [-17.4505, 14.672848], [-17.450504, 14.672848], [-17.450515, 14.672848], [-17.450518, 14.672848], [-17.450529, 14.672848], [-17.450536, 14.672848], [-17.450547, 14.672848], [-17.450554, 14.672848], [-17.450561, 14.672848], [-17.450565, 14.672848], [-17.450579, 14.672848], [-17.450586, 14.672848], [-17.450597, 14.672848], [-17.450604, 14.672848], [-17.450625, 14.672848], [-17.450629, 14.672848], [-17.450636, 14.672848], [-17.450639, 14.672848], [-17.450647, 14.672848], [-17.450654, 14.672848], [-17.450657, 14.672848], [-17.450668, 14.672848], [-17.450672, 14.672848], [-17.450686, 14.672848], [-17.450689, 14.672848], [-17.450693, 14.672848], [-17.4507, 14.672848], [-17.450707, 14.672848], [-17.450714, 14.672848], [-17.450725, 14.672848], [-17.450732, 14.672848], [-17.450746, 14.672855], [-17.45075, 14.672855], [-17.450754, 14.672855], [-17.450757, 14.672855], [-17.450761, 14.672855], [-17.450764, 14.672855], [-17.450771, 14.672855], [-17.450775, 14.672859], [-17.450782, 14.672859], [-17.450782, 14.672862], [-17.450786, 14.672862], [-17.450793, 14.672862], [-17.450796, 14.672866], [-17.4508, 14.672866], [-17.450803, 14.672869], [-17.450811, 14.672873], [-17.450821, 14.67288], [-17.450825, 14.67288], [-17.450828, 14.672883], [-17.450836, 14.672887], [-17.450839, 14.67289], [-17.450843, 14.67289], [-17.450846, 14.672894], [-17.450846, 14.672897], [-17.45085, 14.672897], [-17.45085, 14.672901], [-17.450857, 14.672901], [-17.450861, 14.672904], [-17.450864, 14.672907], [-17.450868, 14.672911], [-17.450871, 14.672914], [-17.450875, 14.672918], [-17.450875, 14.672921], [-17.450945, 14.672969], [-17.450966, 14.67303], [-17.451065, 14.673201], [-17.451154, 14.67326], [-17.451216, 14.673337], [-17.451235, 14.673423], [-17.451236, 14.673492], [-17.451246, 14.673578], [-17.451362, 14.673688], [-17.451433, 14.673739], [-17.451593, 14.673849], [-17.451632, 14.673857], [-17.451698, 14.673871], [-17.451753, 14.673882], [-17.451913, 14.673975], [-17.452064, 14.674042], [-17.452197, 14.674101], [-17.452227, 14.67411], [-17.452374, 14.674151], [-17.452489, 14.674167], [-17.452702, 14.674199], [-17.452844, 14.674173], [-17.452913, 14.67415], [-17.452918, 14.67415], [-17.452934, 14.67415], [-17.452951, 14.67415], [-17.452968, 14.674149], [-17.452987, 14.674147], [-17.453006, 14.674145], [-17.453021, 14.674139], [-17.453034, 14.674136], [-17.453044, 14.674134], [-17.453052, 14.674132], [-17.453061, 14.67413], [-17.453065, 14.674126], [-17.453069, 14.674125], [-17.453078, 14.674121], [-17.453084, 14.674119], [-17.453093, 14.674115], [-17.453097, 14.674113], [-17.453099, 14.674113], [-17.453107, 14.67411], [-17.45311, 14.674108], [-17.453112, 14.674108], [-17.453118, 14.674104], [-17.453122, 14.674102], [-17.453126, 14.6741], [-17.453131, 14.674097], [-17.453135, 14.674095], [-17.453139, 14.674093], [-17.453141, 14.674093], [-17.453145, 14.674091], [-17.453148, 14.674088], [-17.453152, 14.674086], [-17.453158, 14.674084], [-17.453162, 14.67408], [-17.453171, 14.674076], [-17.453173, 14.674075], [-17.453177, 14.674073], [-17.453181, 14.674071], [-17.453185, 14.674067], [-17.45319, 14.674065], [-17.453198, 14.674062], [-17.453211, 14.674054], [-17.453217, 14.67405], [-17.45323, 14.674043], [-17.453238, 14.674038], [-17.453242, 14.674036], [-17.453245, 14.674034], [-17.453255, 14.674028], [-17.453259, 14.674026], [-17.453261, 14.674023], [-17.453342, 14.673991], [-17.453342, 14.673988], [-17.453346, 14.673984], [-17.453356, 14.673984], [-17.453363, 14.673981], [-17.453367, 14.673981], [-17.453378, 14.673977], [-17.453388, 14.673977], [-17.453399, 14.673974], [-17.453413, 14.67397], [-17.453424, 14.67397], [-17.453435, 14.673967], [-17.453445, 14.673967], [-17.453456, 14.673967], [-17.453463, 14.673963], [-17.453474, 14.673963], [-17.453495, 14.673957], [-17.453506, 14.673957], [-17.453524, 14.673953], [-17.453531, 14.67395], [-17.453542, 14.673946], [-17.453552, 14.673943], [-17.453563, 14.673943], [-17.453574, 14.673939], [-17.453584, 14.673936], [-17.453595, 14.673932], [-17.453606, 14.673929], [-17.45362, 14.673925], [-17.453627, 14.673922], [-17.453638, 14.673922], [-17.453645, 14.673915], [-17.453649, 14.673911], [-17.453659, 14.673911], [-17.453663, 14.673911], [-17.453674, 14.673901], [-17.453677, 14.673901], [-17.453691, 14.673891], [-17.453698, 14.673891], [-17.453706, 14.673887], [-17.453713, 14.673884], [-17.453727, 14.673873], [-17.453734, 14.67387], [-17.453741, 14.673866], [-17.453745, 14.673863], [-17.453752, 14.673856], [-17.453756, 14.673852], [-17.453759, 14.673852], [-17.453759, 14.673849], [-17.45377, 14.673839], [-17.453773, 14.673839], [-17.453784, 14.673828], [-17.453788, 14.673825], [-17.453795, 14.673821], [-17.453798, 14.673818], [-17.453802, 14.673814], [-17.453805, 14.673811], [-17.453809, 14.673807], [-17.453813, 14.673804], [-17.453816, 14.6738], [-17.453816, 14.673797], [-17.45382, 14.673793], [-17.453823, 14.67379], [-17.453827, 14.673786], [-17.453827, 14.673783], [-17.453834, 14.673783], [-17.453848, 14.673776], [-17.453855, 14.673769], [-17.453877, 14.673759], [-17.45388, 14.673755], [-17.453891, 14.673748], [-17.453895, 14.673748], [-17.453902, 14.673741], [-17.453909, 14.673741], [-17.453912, 14.673738], [-17.453923, 14.673731], [-17.45393, 14.673724], [-17.453948, 14.673717], [-17.453955, 14.673714], [-17.453962, 14.673707], [-17.453973, 14.673703], [-17.45398, 14.6737], [-17.453984, 14.673696], [-17.453994, 14.673689], [-17.454002, 14.673686], [-17.454009, 14.673682], [-17.454023, 14.673672], [-17.454026, 14.673665], [-17.454034, 14.673662], [-17.454044, 14.673655], [-17.454055, 14.673648], [-17.454069, 14.673637], [-17.45408, 14.67363], [-17.454094, 14.673623], [-17.454105, 14.67362], [-17.454119, 14.673613], [-17.454126, 14.673613], [-17.454133, 14.673606], [-17.454144, 14.673603], [-17.454155, 14.673596], [-17.454162, 14.673592], [-17.454169, 14.673585], [-17.454173, 14.673585], [-17.454176, 14.673582], [-17.454187, 14.673575], [-17.454194, 14.673575], [-17.454198, 14.673575], [-17.454215, 14.673564], [-17.454223, 14.673564], [-17.454237, 14.673557], [-17.45424, 14.673557], [-17.45428, 14.67354], [-17.454294, 14.67354], [-17.454308, 14.67354], [-17.454322, 14.67354], [-17.454333, 14.67354], [-17.454344, 14.67354], [-17.454347, 14.67354], [-17.454351, 14.67354], [-17.454354, 14.67354], [-17.454358, 14.67354], [-17.454362, 14.67354], [-17.454365, 14.67354], [-17.454369, 14.67354], [-17.454376, 14.67354], [-17.454383, 14.67354], [-17.454394, 14.673537], [-17.454408, 14.673533], [-17.454419, 14.673533], [-17.454429, 14.673533], [-17.454454, 14.67353], [-17.454465, 14.67353], [-17.454486, 14.673526], [-17.454494, 14.673526], [-17.454511, 14.673523], [-17.454518, 14.673523], [-17.454529, 14.673523], [-17.45454, 14.673519], [-17.454554, 14.673519], [-17.454561, 14.673519], [-17.454579, 14.673519], [-17.454583, 14.673519], [-17.45459, 14.673519], [-17.454597, 14.673519], [-17.454604, 14.673519], [-17.454611, 14.673519], [-17.454618, 14.673519], [-17.454633, 14.673519], [-17.454643, 14.673519], [-17.454665, 14.673519], [-17.454675, 14.673519], [-17.454686, 14.673519], [-17.454697, 14.673519], [-17.454707, 14.673519], [-17.454718, 14.673519], [-17.454725, 14.673519], [-17.454743, 14.673519], [-17.454757, 14.673519], [-17.454779, 14.673519], [-17.454786, 14.673519], [-17.454793, 14.673519], [-17.454797, 14.673519], [-17.454807, 14.673519], [-17.454818, 14.673519], [-17.454829, 14.673519], [-17.454843, 14.673519], [-17.45485, 14.673519], [-17.454857, 14.673519], [-17.454868, 14.673519], [-17.454871, 14.673519], [-17.454879, 14.673519], [-17.454882, 14.673519], [-17.454889, 14.673519], [-17.454893, 14.673519], [-17.4549, 14.673519], [-17.454921, 14.673519], [-17.454932, 14.673519], [-17.45495, 14.673516], [-17.454957, 14.673516], [-17.454968, 14.673516], [-17.454975, 14.673516], [-17.454996, 14.673512], [-17.455003, 14.673509], [-17.455014, 14.673509], [-17.455021, 14.673509], [-17.455032, 14.673502], [-17.455043, 14.673502], [-17.455053, 14.673498], [-17.45506, 14.673498], [-17.455078, 14.673498], [-17.455089, 14.673495], [-17.45511, 14.673491], [-17.455121, 14.673491], [-17.455135, 14.673488], [-17.455146, 14.673488], [-17.455153, 14.673488], [-17.45516, 14.673488], [-17.455174, 14.673481], [-17.455185, 14.673481], [-17.455203, 14.673478], [-17.45521, 14.673474], [-17.455228, 14.673474], [-17.455235, 14.673474], [-17.455242, 14.673474], [-17.455249, 14.673471], [-17.455267, 14.673467], [-17.455274, 14.673467], [-17.455281, 14.673467], [-17.455285, 14.673464], [-17.455289, 14.673464], [-17.455292, 14.67346], [-17.455296, 14.67346], [-17.455299, 14.67346], [-17.455306, 14.673457], [-17.455314, 14.673453], [-17.455317, 14.673453], [-17.455328, 14.67345], [-17.455331, 14.67345], [-17.455335, 14.673446], [-17.455342, 14.673446], [-17.455346, 14.673446], [-17.455353, 14.673443], [-17.455356, 14.673443], [-17.455363, 14.673439], [-17.455367, 14.673439], [-17.455371, 14.673439], [-17.455374, 14.673439], [-17.455378, 14.673439], [-17.455381, 14.673439], [-17.455392, 14.673439], [-17.455396, 14.673439], [-17.455403, 14.673439], [-17.455417, 14.673439], [-17.455424, 14.673439], [-17.455431, 14.673439], [-17.455442, 14.673439], [-17.455445, 14.673439], [-17.455453, 14.673439], [-17.455456, 14.673439], [-17.45546, 14.673439], [-17.45547, 14.673439], [-17.455474, 14.673439], [-17.455488, 14.673439], [-17.455495, 14.673439], [-17.455499, 14.673439], [-17.455506, 14.673439], [-17.455517, 14.673439], [-17.455524, 14.673439], [-17.455538, 14.673439], [-17.455542, 14.673439], [-17.455545, 14.673439], [-17.455552, 14.673439], [-17.455556, 14.673439], [-17.455563, 14.673439], [-17.455567, 14.673439], [-17.455581, 14.673439], [-17.455584, 14.673439], [-17.455595, 14.673439], [-17.455602, 14.673439], [-17.455609, 14.673439], [-17.455613, 14.673439], [-17.45562, 14.673439], [-17.455624, 14.673439], [-17.455631, 14.673443], [-17.455634, 14.673443], [-17.455638, 14.673443], [-17.455645, 14.673446], [-17.455649, 14.673446], [-17.455656, 14.67345], [-17.455663, 14.67345], [-17.455666, 14.67345], [-17.45567, 14.673453], [-17.455674, 14.673453], [-17.455677, 14.673453], [-17.455684, 14.673453], [-17.455688, 14.673457], [-17.455695, 14.67346], [-17.455702, 14.67346], [-17.455706, 14.67346], [-17.455709, 14.67346], [-17.455713, 14.67346], [-17.455716, 14.67346], [-17.45572, 14.673464], [-17.455724, 14.673464], [-17.455727, 14.673467], [-17.455838, 14.673478], [-17.455841, 14.673478], [-17.455848, 14.673478], [-17.455866, 14.673478], [-17.45593, 14.673471], [-17.455955, 14.673471], [-17.456016, 14.673471], [-17.456044, 14.673471], [-17.45608, 14.673471], [-17.456087, 14.673471], [-17.456094, 14.673471], [-17.456098, 14.673471], [-17.456112, 14.673471], [-17.456119, 14.673471], [-17.456141, 14.673467], [-17.456148, 14.673464], [-17.456169, 14.673464], [-17.45618, 14.67346], [-17.456201, 14.673457], [-17.45623, 14.673457], [-17.456237, 14.673453], [-17.456244, 14.67345], [-17.456251, 14.673446], [-17.456262, 14.673446], [-17.456269, 14.673443], [-17.456276, 14.673436], [-17.456283, 14.673436], [-17.456301, 14.673429], [-17.456312, 14.673426], [-17.456322, 14.673419], [-17.45633, 14.673415], [-17.45634, 14.673415], [-17.456344, 14.673415], [-17.456355, 14.673412], [-17.456358, 14.673408], [-17.456369, 14.673408], [-17.456372, 14.673405], [-17.456383, 14.673401], [-17.45639, 14.673401], [-17.456394, 14.673401], [-17.456404, 14.673401], [-17.456415, 14.673401], [-17.456419, 14.673401], [-17.456437, 14.673401], [-17.456447, 14.673401], [-17.456462, 14.673401], [-17.456472, 14.673401], [-17.456483, 14.673401], [-17.45649, 14.673401], [-17.456501, 14.673401], [-17.456515, 14.673401], [-17.456519, 14.673401], [-17.456526, 14.673401], [-17.456529, 14.673401], [-17.456529, 14.673405], [-17.456533, 14.673408], [-17.456536, 14.673408], [-17.45654, 14.673412], [-17.456544, 14.673415], [-17.456554, 14.673422], [-17.456565, 14.673422], [-17.45659, 14.673436], [-17.456601, 14.673439], [-17.456618, 14.673443], [-17.456629, 14.67345], [-17.45665, 14.673457], [-17.456668, 14.67346], [-17.456683, 14.673467], [-17.456711, 14.673474], [-17.456732, 14.673485], [-17.456761, 14.673498], [-17.456779, 14.673505], [-17.45679, 14.673509], [-17.456807, 14.673516], [-17.456836, 14.673526], [-17.456843, 14.67353], [-17.456861, 14.673537], [-17.456872, 14.673544], [-17.456886, 14.67355], [-17.4569, 14.673554], [-17.456914, 14.673561], [-17.456925, 14.673561], [-17.456957, 14.673571], [-17.456978, 14.673575], [-17.457007, 14.673582], [-17.457018, 14.673582], [-17.457046, 14.673585], [-17.45706, 14.673585], [-17.457071, 14.673589], [-17.457089, 14.673592], [-17.457114, 14.673596], [-17.457125, 14.673596], [-17.457146, 14.673599], [-17.457153, 14.673599], [-17.457175, 14.673603], [-17.457185, 14.673606], [-17.457196, 14.673606], [-17.457214, 14.673609], [-17.457235, 14.673613], [-17.457242, 14.673613], [-17.457264, 14.673613], [-17.457274, 14.673613], [-17.457292, 14.673613], [-17.45731, 14.673613], [-17.457317, 14.673613], [-17.457324, 14.673613], [-17.457342, 14.673613], [-17.457353, 14.673613], [-17.457378, 14.673616], [-17.457392, 14.67362], [-17.457406, 14.67362], [-17.457424, 14.67362], [-17.457438, 14.67362], [-17.457449, 14.67362], [-17.45746, 14.67362], [-17.457481, 14.67362], [-17.457492, 14.67362], [-17.457513, 14.67362], [-17.457524, 14.67362], [-17.457535, 14.67362], [-17.457542, 14.67362], [-17.457552, 14.67362], [-17.45757, 14.67362], [-17.457588, 14.67362], [-17.457606, 14.673623], [-17.457617, 14.673623], [-17.457627, 14.673627], [-17.457638, 14.67363], [-17.457649, 14.67363], [-17.457659, 14.67363], [-17.457667, 14.673634], [-17.457681, 14.673637], [-17.457691, 14.673641], [-17.457699, 14.673644], [-17.457709, 14.673648], [-17.457716, 14.673651], [-17.457724, 14.673655], [-17.457734, 14.673662], [-17.457738, 14.673662], [-17.457745, 14.673665], [-17.457752, 14.673668], [-17.457759, 14.673668], [-17.457763, 14.673668], [-17.45777, 14.673672], [-17.457773, 14.673672], [-17.457781, 14.673675], [-17.457784, 14.673675], [-17.457791, 14.673675], [-17.457802, 14.673675], [-17.457806, 14.673675], [-17.457813, 14.673675], [-17.45782, 14.673675], [-17.457823, 14.673675], [-17.457831, 14.673675], [-17.457841, 14.673675], [-17.457852, 14.673675], [-17.457855, 14.673675], [-17.457863, 14.673675], [-17.457866, 14.673675], [-17.45787, 14.673675], [-17.457873, 14.673675], [-17.457877, 14.673679], [-17.45788, 14.673679], [-17.457884, 14.673682], [-17.457891, 14.673682], [-17.457895, 14.673682], [-17.457898, 14.673682], [-17.457905, 14.673686], [-17.457909, 14.673689], [-17.457916, 14.673689], [-17.457923, 14.673693], [-17.457934, 14.673696], [-17.457941, 14.6737], [-17.457952, 14.673707], [-17.457955, 14.673707], [-17.457959, 14.67371], [-17.457962, 14.67371], [-17.457966, 14.67371], [-17.457973, 14.673714], [-17.457973, 14.673717], [-17.457977, 14.673717], [-17.45798, 14.673721], [-17.457984, 14.673724], [-17.457987, 14.673727], [-17.457991, 14.673727], [-17.457991, 14.673731], [-17.457998, 14.673734], [-17.458005, 14.673738], [-17.458005, 14.673741], [-17.458009, 14.673745], [-17.458069, 14.673793], [-17.458069, 14.673797], [-17.458069, 14.673811], [-17.458073, 14.673828], [-17.458077, 14.673839], [-17.458077, 14.673849], [-17.45808, 14.673859], [-17.458084, 14.673863], [-17.458084, 14.673866], [-17.458084, 14.67387], [-17.458087, 14.673873], [-17.458091, 14.673877], [-17.458091, 14.673884], [-17.458094, 14.673891], [-17.458094, 14.673894], [-17.458094, 14.673898], [-17.458098, 14.673901], [-17.458098, 14.673911], [-17.458101, 14.673911], [-17.458101, 14.673915], [-17.458105, 14.673922], [-17.458105, 14.673925], [-17.458109, 14.673929], [-17.458109, 14.673936], [-17.458109, 14.673939], [-17.458109, 14.673946], [-17.458112, 14.67395], [-17.458112, 14.673957], [-17.458116, 14.673963], [-17.458116, 14.673967], [-17.458119, 14.67397], [-17.458123, 14.673974], [-17.45813, 14.673981], [-17.458134, 14.673988], [-17.458144, 14.673991], [-17.458148, 14.673995], [-17.458155, 14.673998], [-17.458166, 14.673998], [-17.458173, 14.674005], [-17.458176, 14.674005], [-17.458183, 14.674005], [-17.458194, 14.674016], [-17.458201, 14.674019], [-17.458208, 14.674022], [-17.458219, 14.674026], [-17.458223, 14.674029], [-17.458226, 14.674029], [-17.45823, 14.674029], [-17.458237, 14.674036], [-17.458244, 14.67404], [-17.458251, 14.674043], [-17.458262, 14.674047], [-17.458269, 14.67405], [-17.45828, 14.674054], [-17.458287, 14.674054], [-17.458298, 14.674061], [-17.458305, 14.674064], [-17.458312, 14.674064], [-17.45833, 14.674075], [-17.45834, 14.674078], [-17.458355, 14.674081], [-17.458362, 14.674085], [-17.458369, 14.674085], [-17.458376, 14.674092], [-17.45838, 14.674092], [-17.45838, 14.674095], [-17.458383, 14.674095], [-17.45839, 14.674099], [-17.45839, 14.674102], [-17.458397, 14.674109], [-17.458401, 14.674109], [-17.458401, 14.674113], [-17.458408, 14.674116], [-17.458415, 14.674127], [-17.458419, 14.674134], [-17.458426, 14.67414], [-17.458433, 14.674144], [-17.458437, 14.674151], [-17.458444, 14.674154], [-17.458447, 14.674158], [-17.458451, 14.674161], [-17.458462, 14.674172], [-17.458465, 14.674179], [-17.458476, 14.674189], [-17.458483, 14.674193], [-17.458487, 14.674196], [-17.45849, 14.674199], [-17.458497, 14.674206], [-17.458501, 14.67421], [-17.458508, 14.674217], [-17.458522, 14.674238], [-17.458533, 14.674255], [-17.458536, 14.674265], [-17.45854, 14.674276], [-17.458547, 14.674283], [-17.458547, 14.674286], [-17.458547, 14.67429], [-17.458551, 14.67429], [-17.458551, 14.674293], [-17.458551, 14.674297], [-17.458558, 14.6743], [-17.458558, 14.674304], [-17.458561, 14.674307], [-17.458569, 14.674311], [-17.458572, 14.674317], [-17.458583, 14.674328], [-17.458586, 14.674331], [-17.458593, 14.674335], [-17.458597, 14.674338], [-17.458608, 14.674349], [-17.458615, 14.674356], [-17.458618, 14.674363], [-17.458633, 14.674373], [-17.458636, 14.674373], [-17.458643, 14.674376], [-17.458647, 14.67438], [-17.458651, 14.674383], [-17.458658, 14.674387], [-17.458661, 14.67439], [-17.458668, 14.674394], [-17.458672, 14.674397], [-17.458679, 14.674397], [-17.458686, 14.674404], [-17.45869, 14.674404], [-17.458693, 14.674404], [-17.458693, 14.674408], [-17.458697, 14.674408], [-17.458697, 14.674411], [-17.4587, 14.674415], [-17.458708, 14.674418], [-17.458711, 14.674422], [-17.458715, 14.674425], [-17.458718, 14.674429], [-17.458718, 14.674432], [-17.458718, 14.674439], [-17.458718, 14.674442], [-17.458718, 14.674453], [-17.458718, 14.674456], [-17.458711, 14.674467], [-17.458711, 14.674474], [-17.458708, 14.674474], [-17.458708, 14.674481], [-17.4587, 14.674491], [-17.458697, 14.674501], [-17.458693, 14.674508], [-17.458686, 14.674515], [-17.458683, 14.674522], [-17.458679, 14.674526], [-17.458675, 14.674533], [-17.458668, 14.67454], [-17.458668, 14.674547], [-17.458661, 14.674557], [-17.458658, 14.674564], [-17.458658, 14.674571], [-17.458651, 14.674585], [-17.458651, 14.674588], [-17.458643, 14.674595], [-17.458643, 14.674599], [-17.45864, 14.674602], [-17.458636, 14.674606], [-17.458629, 14.674612], [-17.458626, 14.674616], [-17.458618, 14.674626], [-17.458615, 14.67463], [-17.458611, 14.674637], [-17.458608, 14.67464], [-17.458604, 14.674644], [-17.458601, 14.674647], [-17.458597, 14.674651], [-17.45859, 14.674654], [-17.458583, 14.674658], [-17.458572, 14.674665], [-17.458569, 14.674665], [-17.458561, 14.674671], [-17.458558, 14.674671], [-17.458554, 14.674675], [-17.458551, 14.674678], [-17.458547, 14.674682], [-17.458544, 14.674685], [-17.458544, 14.674689], [-17.45854, 14.674692], [-17.458536, 14.674699], [-17.458533, 14.674703], [-17.458526, 14.674706], [-17.458522, 14.67471], [-17.458515, 14.674713], [-17.458508, 14.67472], [-17.458504, 14.674724], [-17.458497, 14.674727], [-17.458497, 14.67473], [-17.45849, 14.674737], [-17.458487, 14.674741], [-17.458483, 14.674744], [-17.458479, 14.674744], [-17.458479, 14.674748], [-17.458479, 14.674751], [-17.458476, 14.674755], [-17.458469, 14.674762], [-17.458469, 14.674769], [-17.458465, 14.674772], [-17.458462, 14.674779], [-17.458462, 14.674783], [-17.458458, 14.674786], [-17.458454, 14.6748], [-17.458454, 14.674807], [-17.458451, 14.674821], [-17.458451, 14.674824], [-17.458451, 14.674838], [-17.458447, 14.674845], [-17.458447, 14.674852], [-17.458444, 14.674855], [-17.458444, 14.674866], [-17.458444, 14.674873], [-17.45844, 14.67488], [-17.45844, 14.674894], [-17.45844, 14.674908], [-17.458437, 14.674921], [-17.458437, 14.674932], [-17.458437, 14.674939], [-17.458437, 14.674949], [-17.458437, 14.674956], [-17.458437, 14.674967], [-17.458437, 14.674973], [-17.458437, 14.674987], [-17.458437, 14.674998], [-17.458437, 14.675019], [-17.458437, 14.675026], [-17.458437, 14.675032], [-17.458437, 14.675043], [-17.458437, 14.675057], [-17.458437, 14.675071], [-17.45844, 14.675085], [-17.458444, 14.675091], [-17.458447, 14.675109], [-17.458447, 14.675116], [-17.458454, 14.675119], [-17.458454, 14.67513], [-17.458458, 14.675137], [-17.458458, 14.67514], [-17.458458, 14.675144], [-17.458462, 14.675157], [-17.458462, 14.675164], [-17.458469, 14.675175], [-17.458469, 14.675178], [-17.458469, 14.675189], [-17.458472, 14.675199], [-17.458472, 14.675206], [-17.458472, 14.675216], [-17.458476, 14.67523], [-17.458476, 14.675237], [-17.458479, 14.675251], [-17.458479, 14.675255], [-17.458479, 14.675262], [-17.458479, 14.675268], [-17.458479, 14.675275], [-17.458479, 14.675282], [-17.458479, 14.675293], [-17.458479, 14.675296], [-17.458479, 14.675303], [-17.458479, 14.675307], [-17.458479, 14.67531], [-17.458479, 14.675314], [-17.458479, 14.675321], [-17.458479, 14.675324], [-17.458479, 14.675331], [-17.458479, 14.675334], [-17.458479, 14.675341], [-17.458479, 14.675345], [-17.458479, 14.675348], [-17.458479, 14.675352], [-17.458479, 14.675359], [-17.458483, 14.675362], [-17.458483, 14.675366], [-17.458483, 14.675369], [-17.458483, 14.675373], [-17.458483, 14.675376], [-17.458479, 14.675407], [-17.458479, 14.675411], [-17.458483, 14.675435], [-17.45849, 14.675463], [-17.458494, 14.675477], [-17.458497, 14.675501], [-17.458501, 14.675511], [-17.458501, 14.675518], [-17.458504, 14.675525], [-17.458511, 14.675543], [-17.458522, 14.675553], [-17.458533, 14.675567], [-17.458547, 14.675584], [-17.458547, 14.675591], [-17.458551, 14.675595], [-17.458554, 14.675602], [-17.458558, 14.675609], [-17.458561, 14.675612], [-17.458561, 14.675619], [-17.458565, 14.675622], [-17.458565, 14.675629], [-17.458569, 14.675633], [-17.458572, 14.675636], [-17.458576, 14.675647], [-17.458579, 14.67565], [-17.458586, 14.675657], [-17.458586, 14.675664], [-17.45859, 14.675664], [-17.458593, 14.675668], [-17.458601, 14.675681], [-17.458601, 14.675688], [-17.458604, 14.675692], [-17.458611, 14.675702], [-17.458611, 14.675709], [-17.458615, 14.675713], [-17.458618, 14.67572], [-17.458618, 14.675723], [-17.458622, 14.67573], [-17.458622, 14.675734], [-17.458622, 14.675737], [-17.458626, 14.67574], [-17.458626, 14.675751], [-17.458626, 14.675754], [-17.458629, 14.675761], [-17.458629, 14.675765], [-17.458633, 14.675775], [-17.458633, 14.675779], [-17.458636, 14.675786], [-17.458636, 14.675793], [-17.45864, 14.675796], [-17.458643, 14.675799], [-17.458643, 14.67581], [-17.458647, 14.675817], [-17.458651, 14.675824], [-17.458651, 14.675831], [-17.458654, 14.675841], [-17.458658, 14.675848], [-17.458661, 14.675855], [-17.458661, 14.675858], [-17.458661, 14.675865], [-17.458668, 14.675876], [-17.458672, 14.675879], [-17.458672, 14.67589], [-17.458675, 14.675893], [-17.458675, 14.675897], [-17.458679, 14.675904], [-17.458679, 14.675911], [-17.458679, 14.675914], [-17.458686, 14.675928], [-17.458686, 14.675931], [-17.458686, 14.675942], [-17.45869, 14.675945], [-17.458693, 14.675952], [-17.458693, 14.675956], [-17.458693, 14.675959], [-17.458693, 14.675966], [-17.458693, 14.67597], [-17.458693, 14.675976], [-17.458693, 14.67598], [-17.458693, 14.675987], [-17.458693, 14.67599], [-17.458693, 14.675994], [-17.458693, 14.675997], [-17.458693, 14.676004], [-17.45869, 14.676011], [-17.45869, 14.676018], [-17.458683, 14.676029], [-17.458683, 14.676032], [-17.458679, 14.676039], [-17.458675, 14.676046], [-17.458675, 14.676049], [-17.458672, 14.67606], [-17.458668, 14.676067], [-17.458665, 14.676074], [-17.458661, 14.676081], [-17.458658, 14.676091], [-17.458651, 14.676098], [-17.458651, 14.676108], [-17.458647, 14.676115], [-17.458643, 14.676119], [-17.45864, 14.676136], [-17.45864, 14.676143], [-17.458629, 14.676157], [-17.458629, 14.676164], [-17.458626, 14.676171], [-17.458622, 14.676174], [-17.458622, 14.676181], [-17.458622, 14.676188], [-17.458622, 14.676195], [-17.458618, 14.676209], [-17.458615, 14.676219], [-17.458615, 14.676237], [-17.458611, 14.676244], [-17.458611, 14.676251], [-17.458611, 14.676261], [-17.458611, 14.676282], [-17.458611, 14.676292], [-17.458611, 14.67631], [-17.458611, 14.676317], [-17.458611, 14.67633], [-17.458611, 14.676337], [-17.458611, 14.676341], [-17.458611, 14.676348], [-17.458611, 14.676358], [-17.458611, 14.676362], [-17.458611, 14.676376], [-17.458611, 14.676379], [-17.458611, 14.676383], [-17.458611, 14.676389], [-17.458611, 14.676396], [-17.458611, 14.6764], [-17.458611, 14.676403], [-17.458611, 14.676407], [-17.458611, 14.67641], [-17.458615, 14.676417], [-17.458615, 14.676424], [-17.458615, 14.676435], [-17.458615, 14.676448], [-17.458618, 14.676455], [-17.458622, 14.676469], [-17.458622, 14.676476], [-17.458622, 14.676483], [-17.458622, 14.67649], [-17.458622, 14.676501], [-17.458629, 14.676518], [-17.458633, 14.676528], [-17.45864, 14.676553], [-17.458643, 14.676556], [-17.458647, 14.67656], [-17.458647, 14.67657], [-17.458658, 14.676584], [-17.458658, 14.676591], [-17.458668, 14.676608], [-17.458668, 14.676612], [-17.458675, 14.676622], [-17.458679, 14.676629], [-17.458679, 14.676639], [-17.458683, 14.676639], [-17.458683, 14.676643], [-17.458686, 14.676653], [-17.458686, 14.67666], [-17.45869, 14.676674], [-17.458693, 14.676678], [-17.458697, 14.676684], [-17.458697, 14.676695], [-17.458697, 14.676709], [-17.458697, 14.676712], [-17.458697, 14.676723], [-17.458697, 14.676726], [-17.458697, 14.676733], [-17.45869, 14.67674], [-17.45869, 14.676754], [-17.458686, 14.676757], [-17.458683, 14.676771], [-17.458679, 14.676775], [-17.458679, 14.676782], [-17.458675, 14.676785], [-17.458672, 14.676792], [-17.458672, 14.676796], [-17.458668, 14.676799], [-17.458668, 14.676802], [-17.458668, 14.676806], [-17.458665, 14.676806], [-17.458661, 14.676813], [-17.458658, 14.676816], [-17.458654, 14.67682], [-17.458651, 14.676827], [-17.458643, 14.67683], [-17.45864, 14.676834], [-17.458636, 14.676834], [-17.458629, 14.676841], [-17.458626, 14.676841], [-17.458622, 14.676844], [-17.458618, 14.676848], [-17.458608, 14.676851], [-17.458608, 14.676855], [-17.458597, 14.676858], [-17.458593, 14.676861], [-17.45859, 14.676861], [-17.458586, 14.676861], [-17.458576, 14.676868], [-17.458569, 14.676868], [-17.458554, 14.676875], [-17.458551, 14.676879], [-17.458544, 14.676882], [-17.45854, 14.676886], [-17.458533, 14.676889], [-17.458526, 14.676893], [-17.458526, 14.676896], [-17.458519, 14.6769], [-17.458511, 14.676907], [-17.458508, 14.676907], [-17.458501, 14.67691], [-17.458494, 14.676914], [-17.458494, 14.676917], [-17.45849, 14.676917], [-17.458483, 14.67692], [-17.458479, 14.676924], [-17.458472, 14.676927], [-17.458469, 14.676927], [-17.458465, 14.676931], [-17.458458, 14.676934], [-17.458451, 14.676934], [-17.458451, 14.676938], [-17.458447, 14.676938], [-17.458444, 14.676938], [-17.45844, 14.676941], [-17.458437, 14.676945], [-17.458422, 14.676986], [-17.458422, 14.67699], [-17.458465, 14.677004], [-17.458479, 14.677014], [-17.458494, 14.677045], [-17.458497, 14.677052], [-17.458501, 14.677073], [-17.458501, 14.677084], [-17.458501, 14.677101], [-17.458501, 14.677104], [-17.458501, 14.677111], [-17.458501, 14.677118], [-17.458501, 14.677125], [-17.458501, 14.677129], [-17.458501, 14.677136], [-17.458501, 14.677143], [-17.458501, 14.67715], [-17.458501, 14.677156], [-17.458501, 14.67716], [-17.458497, 14.677167], [-17.458497, 14.67717], [-17.458497, 14.677177], [-17.458497, 14.677181], [-17.458497, 14.677184], [-17.458497, 14.677195], [-17.458497, 14.677202], [-17.458497, 14.677205], [-17.458497, 14.677212], [-17.458497, 14.677215], [-17.458497, 14.677219], [-17.458497, 14.677222], [-17.458497, 14.677229], [-17.458497, 14.677233], [-17.458497, 14.677236], [-17.458497, 14.67724], [-17.458497, 14.677247], [-17.458497, 14.67725], [-17.458497, 14.677257], [-17.458497, 14.677261], [-17.458497, 14.677264], [-17.458497, 14.677274], [-17.458497, 14.677278], [-17.458497, 14.677285], [-17.458497, 14.677288], [-17.458497, 14.677292], [-17.458497, 14.677295], [-17.458497, 14.677299], [-17.458497, 14.677302], [-17.458497, 14.677306], [-17.458501, 14.677309], [-17.458501, 14.677313], [-17.458501, 14.677316], [-17.458501, 14.67732], [-17.458501, 14.677323], [-17.458501, 14.677327], [-17.458501, 14.67733], [-17.458501, 14.677333], [-17.458501, 14.677337], [-17.458501, 14.677344], [-17.458501, 14.677347], [-17.458504, 14.677347], [-17.458504, 14.677351], [-17.458508, 14.677354], [-17.458508, 14.677358], [-17.458508, 14.677361], [-17.458508, 14.677365], [-17.458508, 14.677368], [-17.458508, 14.677375], [-17.458511, 14.677379], [-17.458511, 14.677382], [-17.458515, 14.677382], [-17.458515, 14.677386], [-17.458515, 14.677389], [-17.458515, 14.677392], [-17.458519, 14.677392], [-17.458519, 14.677396], [-17.458519, 14.677399], [-17.458519, 14.677403], [-17.458522, 14.677406], [-17.458526, 14.677406], [-17.458526, 14.67741], [-17.458529, 14.677413], [-17.458529, 14.677417], [-17.458529, 14.67742], [-17.458533, 14.677424], [-17.458533, 14.677427], [-17.458536, 14.677431], [-17.45854, 14.677431], [-17.45854, 14.677434], [-17.45854, 14.677438], [-17.45793, 14.677965], [-17.456822, 14.678774], [-17.456007, 14.679331], [-17.45582, 14.679729], [-17.455474, 14.680467], [-17.454825, 14.681841], [-17.454765, 14.681969], [-17.454256, 14.683045], [-17.454225, 14.683111], [-17.453532, 14.684579], [-17.453049, 14.685618], [-17.453044, 14.685627], [-17.452505, 14.68662], [-17.45196, 14.687624], [-17.451656, 14.688184], [-17.451121, 14.689167], [-17.450794, 14.68977], [-17.450676, 14.689987], [-17.450665, 14.690009], [-17.450516, 14.690283], [-17.449703, 14.691852], [-17.449606, 14.691811], [-17.449605, 14.69181], [-17.448776, 14.691479], [-17.448306, 14.691291], [-17.447783, 14.691082], [-17.447448, 14.690948], [-17.447379, 14.690751], [-17.447361, 14.690701], [-17.447046, 14.690312], [-17.447038, 14.690303], [-17.446964, 14.69027], [-17.446829, 14.690287], [-17.446799, 14.690473], [-17.446801, 14.690659], [-17.446652, 14.690768], [-17.445526, 14.691853], [-17.444822, 14.692552], [-17.444794, 14.692578], [-17.443165, 14.692561], [-17.442732, 14.692564], [-17.44263, 14.692563], [-17.442645, 14.692338], [-17.442662, 14.692084], [-17.44266, 14.691405], [-17.442605, 14.690923]]]}, "properties": {"commune": "MEDINA", "key": "MEDINA", "population": 81982.0}}, {"type": "Feature", "geometry": {"type": "Polygon", "coordinates": [[[-17.399162, 14.671304], [-17.399155, 14.671301], [-17.399149, 14.671301], [-17.399146, 14.671298], [-17.39914, 14.671298], [-17.399134, 14.671292], [-17.399121, 14.671289], [-17.399112, 14.671283], [-17.399109, 14.67128], [-17.399106, 14.671277], [-17.3991, 14.671269], [-17.3991, 14.671266], [-17.3991, 14.671263], [-17.399093, 14.671254], [-17.39909, 14.671245], [-17.39909, 14.671236], [-17.399087, 14.671212], [-17.399087, 14.671203], [-17.399086, 14.671176], [-17.399086, 14.671167], [-17.399086, 14.671155], [-17.399086, 14.671122], [-17.399086, 14.671095], [-17.399085, 14.671069], [-17.399085, 14.671063], [-17.399085, 14.671054], [-17.399091, 14.671033], [-17.399097, 14.671012], [-17.399106, 14.670994], [-17.399109, 14.670988], [-17.399109, 14.670985], [-17.399115, 14.67097], [-17.399121, 14.670961], [-17.399124, 14.670955], [-17.39913, 14.670949], [-17.399136, 14.67094], [-17.399142, 14.67093], [-17.399148, 14.670915], [-17.399151, 14.670898], [-17.399151, 14.670892], [-17.399154, 14.670874], [-17.399154, 14.670871], [-17.399157, 14.670862], [-17.399157, 14.670853], [-17.399157, 14.67085], [-17.39916, 14.670838], [-17.39916, 14.670835], [-17.399162, 14.670823], [-17.399162, 14.670817], [-17.399162, 14.670802], [-17.399165, 14.670796], [-17.399168, 14.670778], [-17.399171, 14.67076], [-17.399171, 14.670745], [-17.399171, 14.670739], [-17.399177, 14.670721], [-17.39918, 14.670706], [-17.399186, 14.670694], [-17.399188, 14.670676], [-17.399191, 14.67067], [-17.399194, 14.670652], [-17.399197, 14.670643], [-17.3992, 14.670628], [-17.399203, 14.670622], [-17.399203, 14.67061], [-17.399203, 14.670595], [-17.399203, 14.67058], [-17.399203, 14.670568], [-17.399203, 14.670562], [-17.399202, 14.67055], [-17.399202, 14.670547], [-17.399202, 14.670541], [-17.399202, 14.670535], [-17.399202, 14.670532], [-17.399205, 14.67052], [-17.399205, 14.670517], [-17.399205, 14.670506], [-17.399205, 14.670497], [-17.399208, 14.670482], [-17.399211, 14.670473], [-17.399211, 14.670464], [-17.399211, 14.670461], [-17.399211, 14.670458], [-17.399214, 14.670449], [-17.399214, 14.67044], [-17.399217, 14.670434], [-17.39922, 14.670428], [-17.399219, 14.670422], [-17.399222, 14.670416], [-17.399222, 14.670413], [-17.399229, 14.670407], [-17.399231, 14.670395], [-17.399234, 14.670386], [-17.399234, 14.670383], [-17.399234, 14.67038], [-17.399234, 14.670371], [-17.399237, 14.670371], [-17.399237, 14.670365], [-17.399237, 14.670362], [-17.399237, 14.670359], [-17.399237, 14.670353], [-17.399237, 14.67035], [-17.399237, 14.670347], [-17.399237, 14.670344], [-17.399237, 14.670341], [-17.399237, 14.670338], [-17.399237, 14.670335], [-17.399023, 14.670152], [-17.398749, 14.67002], [-17.398753, 14.669984], [-17.399359, 14.670266], [-17.39939, 14.670267], [-17.39951, 14.669931], [-17.399293, 14.669833], [-17.399304, 14.669816], [-17.399517, 14.669911], [-17.399605, 14.66965], [-17.3996, 14.669618], [-17.3996, 14.669617], [-17.399597, 14.669611], [-17.399596, 14.669605], [-17.399596, 14.669597], [-17.399595, 14.669586], [-17.399593, 14.66958], [-17.399592, 14.669572], [-17.399591, 14.669565], [-17.399586, 14.66955], [-17.399584, 14.669545], [-17.399584, 14.669544], [-17.399581, 14.669534], [-17.399578, 14.66953], [-17.399576, 14.669526], [-17.399572, 14.669519], [-17.399569, 14.66951], [-17.399565, 14.669501], [-17.399562, 14.669492], [-17.39956, 14.66949], [-17.399559, 14.669487], [-17.399558, 14.669485], [-17.399557, 14.669481], [-17.399555, 14.669479], [-17.399553, 14.669475], [-17.39955, 14.669469], [-17.399549, 14.669465], [-17.399547, 14.669454], [-17.399545, 14.66945], [-17.399544, 14.669448], [-17.399539, 14.669436], [-17.399538, 14.669432], [-17.399536, 14.669429], [-17.399534, 14.669424], [-17.399531, 14.669412], [-17.399526, 14.669405], [-17.399521, 14.669392], [-17.399519, 14.669387], [-17.399516, 14.66938], [-17.399516, 14.669378], [-17.399514, 14.669373], [-17.39951, 14.669362], [-17.399509, 14.66936], [-17.399507, 14.669355], [-17.399506, 14.669353], [-17.399505, 14.669341], [-17.399502, 14.669338], [-17.399501, 14.669334], [-17.3995, 14.669325], [-17.3995, 14.669323], [-17.399498, 14.66932], [-17.399497, 14.669317], [-17.399495, 14.669311], [-17.39949, 14.669298], [-17.399488, 14.669295], [-17.399487, 14.66929], [-17.399483, 14.669281], [-17.399483, 14.669279], [-17.399482, 14.669276], [-17.399479, 14.669273], [-17.399474, 14.669263], [-17.399474, 14.669257], [-17.399473, 14.669254], [-17.399471, 14.669245], [-17.399469, 14.669242], [-17.399469, 14.669241], [-17.399467, 14.669232], [-17.399466, 14.669229], [-17.399464, 14.669226], [-17.39946, 14.669216], [-17.399459, 14.669211], [-17.399458, 14.669209], [-17.399458, 14.669203], [-17.399457, 14.6692], [-17.399453, 14.669191], [-17.399453, 14.669189], [-17.399452, 14.669187], [-17.39945, 14.669185], [-17.399449, 14.669179], [-17.399448, 14.669176], [-17.399446, 14.669174], [-17.399443, 14.669167], [-17.399441, 14.669163], [-17.39944, 14.66916], [-17.399436, 14.669148], [-17.399434, 14.669138], [-17.399434, 14.669137], [-17.399434, 14.669129], [-17.399434, 14.669126], [-17.399434, 14.669124], [-17.399434, 14.669117], [-17.399434, 14.669116], [-17.399432, 14.669108], [-17.39943, 14.669102], [-17.39943, 14.6691], [-17.399427, 14.669093], [-17.399426, 14.669089], [-17.399423, 14.669083], [-17.399423, 14.669081], [-17.399422, 14.669079], [-17.399422, 14.66907], [-17.399421, 14.669068], [-17.39942, 14.669066], [-17.399417, 14.669055], [-17.399414, 14.669049], [-17.399414, 14.669046], [-17.399411, 14.669038], [-17.399409, 14.669037], [-17.399407, 14.669031], [-17.399404, 14.669027], [-17.399401, 14.669019], [-17.399401, 14.669017], [-17.399393, 14.669008], [-17.399391, 14.669006], [-17.399383, 14.669], [-17.399381, 14.668998], [-17.399377, 14.668993], [-17.399374, 14.668988], [-17.399372, 14.668985], [-17.399371, 14.668984], [-17.399367, 14.668979], [-17.399366, 14.668975], [-17.399361, 14.668969], [-17.399361, 14.668968], [-17.399355, 14.668961], [-17.399353, 14.668959], [-17.399346, 14.668952], [-17.399338, 14.668946], [-17.399335, 14.668942], [-17.399332, 14.668941], [-17.399326, 14.668936], [-17.399321, 14.66893], [-17.399319, 14.668929], [-17.399312, 14.668926], [-17.399306, 14.668921], [-17.399304, 14.668921], [-17.399296, 14.668917], [-17.399293, 14.668916], [-17.399283, 14.668913], [-17.399275, 14.668908], [-17.399272, 14.668907], [-17.399264, 14.668902], [-17.399253, 14.668895], [-17.399243, 14.668888], [-17.399238, 14.668883], [-17.399238, 14.668882], [-17.399236, 14.668874], [-17.399236, 14.668869], [-17.399231, 14.668862], [-17.399231, 14.668858], [-17.39921, 14.668842], [-17.399207, 14.668842], [-17.399203, 14.668838], [-17.399197, 14.668835], [-17.399191, 14.668831], [-17.399153, 14.668814], [-17.399123, 14.668806], [-17.399113, 14.668802], [-17.3991, 14.668796], [-17.399092, 14.668793], [-17.39908, 14.668786], [-17.399068, 14.668782], [-17.399063, 14.668781], [-17.399049, 14.668778], [-17.399046, 14.668777], [-17.399043, 14.668777], [-17.399031, 14.668774], [-17.399028, 14.668773], [-17.399014, 14.668771], [-17.39901, 14.66877], [-17.398999, 14.66877], [-17.398995, 14.66877], [-17.398987, 14.66877], [-17.398982, 14.66877], [-17.39898, 14.66877], [-17.398977, 14.66877], [-17.398972, 14.668771], [-17.398969, 14.668771], [-17.398962, 14.668771], [-17.398958, 14.668771], [-17.398953, 14.668772], [-17.398951, 14.668772], [-17.39895, 14.668772], [-17.398949, 14.668772], [-17.398947, 14.668773], [-17.398945, 14.668773], [-17.398941, 14.668773], [-17.39894, 14.668773], [-17.398938, 14.668773], [-17.398933, 14.668773], [-17.398929, 14.668773], [-17.398919, 14.668772], [-17.398915, 14.668772], [-17.398909, 14.66877], [-17.398908, 14.668768], [-17.398907, 14.668767], [-17.398903, 14.668766], [-17.398901, 14.668765], [-17.398899, 14.668765], [-17.398893, 14.668761], [-17.39889, 14.66876], [-17.398887, 14.66876], [-17.398617, 14.66935], [-17.398572, 14.669325], [-17.398793, 14.668834], [-17.398766, 14.66882], [-17.398764, 14.66882], [-17.398762, 14.668819], [-17.39876, 14.668818], [-17.398756, 14.668815], [-17.398743, 14.668808], [-17.398735, 14.668804], [-17.398728, 14.6688], [-17.39872, 14.668797], [-17.398706, 14.668788], [-17.398698, 14.668784], [-17.398688, 14.66878], [-17.39868, 14.668777], [-17.398665, 14.66877], [-17.398656, 14.668765], [-17.398646, 14.66876], [-17.398637, 14.668757], [-17.398627, 14.668751], [-17.398613, 14.668744], [-17.398606, 14.668739], [-17.398598, 14.668736], [-17.39859, 14.668731], [-17.398579, 14.668726], [-17.398571, 14.668723], [-17.398562, 14.668719], [-17.398545, 14.668712], [-17.39854, 14.668709], [-17.398533, 14.668707], [-17.398525, 14.668703], [-17.398519, 14.668702], [-17.398512, 14.668698], [-17.398507, 14.668696], [-17.398501, 14.668694], [-17.398493, 14.668691], [-17.398466, 14.668686], [-17.398461, 14.668683], [-17.398457, 14.668682], [-17.398453, 14.668682], [-17.398439, 14.668678], [-17.398426, 14.668674], [-17.398421, 14.668673], [-17.398415, 14.668672], [-17.39841, 14.668671], [-17.398402, 14.668671], [-17.398396, 14.66867], [-17.39838, 14.668667], [-17.398374, 14.668666], [-17.398367, 14.668665], [-17.398361, 14.668664], [-17.398356, 14.668664], [-17.398347, 14.668662], [-17.398327, 14.66866], [-17.398321, 14.668659], [-17.398313, 14.668659], [-17.398306, 14.668656], [-17.398277, 14.668654], [-17.398259, 14.668654], [-17.398254, 14.668654], [-17.398247, 14.668655], [-17.398243, 14.668655], [-17.398228, 14.668652], [-17.398223, 14.668652], [-17.398218, 14.668652], [-17.398209, 14.668651], [-17.398187, 14.668648], [-17.398179, 14.668647], [-17.39817, 14.668646], [-17.398145, 14.668642], [-17.398137, 14.668641], [-17.398131, 14.66864], [-17.39812, 14.66864], [-17.398111, 14.668638], [-17.398073, 14.668634], [-17.398042, 14.668628], [-17.398032, 14.668628], [-17.397993, 14.668622], [-17.397965, 14.668618], [-17.397956, 14.668618], [-17.397934, 14.668616], [-17.397927, 14.668615], [-17.397904, 14.668611], [-17.397897, 14.668612], [-17.39789, 14.668609], [-17.397874, 14.668607], [-17.39787, 14.668607], [-17.397865, 14.668607], [-17.397861, 14.668607], [-17.397847, 14.668601], [-17.397831, 14.668598], [-17.397801, 14.668586], [-17.397773, 14.668579], [-17.397747, 14.668569], [-17.397742, 14.668568], [-17.397735, 14.668565], [-17.397717, 14.668557], [-17.397694, 14.668548], [-17.397686, 14.668544], [-17.397678, 14.668541], [-17.397662, 14.668533], [-17.397659, 14.668529], [-17.397653, 14.668522], [-17.397651, 14.668521], [-17.397636, 14.66851], [-17.397631, 14.668509], [-17.397621, 14.668504], [-17.397618, 14.668503], [-17.397607, 14.668497], [-17.397599, 14.668494], [-17.397596, 14.668492], [-17.397595, 14.668492], [-17.397588, 14.668488], [-17.397581, 14.668483], [-17.39758, 14.668482], [-17.397579, 14.668481], [-17.397568, 14.668448], [-17.397561, 14.668439], [-17.397554, 14.66843], [-17.397551, 14.668425], [-17.397548, 14.668417], [-17.39754, 14.668406], [-17.397519, 14.66837], [-17.397509, 14.668354], [-17.397499, 14.668341], [-17.397474, 14.668302], [-17.397469, 14.668291], [-17.397463, 14.66828], [-17.397455, 14.668268], [-17.39744, 14.668241], [-17.397436, 14.668234], [-17.397433, 14.668225], [-17.39743, 14.668218], [-17.39742, 14.668199], [-17.397416, 14.668193], [-17.397405, 14.668177], [-17.397402, 14.668173], [-17.397397, 14.66816], [-17.397395, 14.668155], [-17.397387, 14.668141], [-17.397384, 14.668133], [-17.397381, 14.668128], [-17.397379, 14.668126], [-17.397372, 14.668116], [-17.39737, 14.668113], [-17.397365, 14.668104], [-17.397364, 14.668101], [-17.397362, 14.668095], [-17.397361, 14.668092], [-17.39736, 14.66809], [-17.397355, 14.668078], [-17.397352, 14.668069], [-17.39735, 14.668065], [-17.397345, 14.668052], [-17.397341, 14.668044], [-17.397338, 14.668036], [-17.397338, 14.668035], [-17.397336, 14.66803], [-17.397333, 14.668023], [-17.397331, 14.668015], [-17.39733, 14.66801], [-17.397329, 14.668004], [-17.397329, 14.667999], [-17.397331, 14.667996], [-17.397331, 14.667991], [-17.39733, 14.667989], [-17.397322, 14.667952], [-17.397319, 14.667931], [-17.397315, 14.667924], [-17.397299, 14.667895], [-17.397293, 14.667887], [-17.397284, 14.667877], [-17.397262, 14.667858], [-17.397253, 14.667853], [-17.397247, 14.667849], [-17.397232, 14.667838], [-17.397229, 14.667834], [-17.397216, 14.667823], [-17.397211, 14.66782], [-17.397197, 14.667811], [-17.397193, 14.667807], [-17.397185, 14.6678], [-17.397182, 14.667798], [-17.397174, 14.667788], [-17.397171, 14.667786], [-17.397166, 14.66778], [-17.397156, 14.667767], [-17.397138, 14.667747], [-17.397125, 14.667736], [-17.397115, 14.667729], [-17.397112, 14.667726], [-17.397107, 14.667722], [-17.397097, 14.667716], [-17.397083, 14.667704], [-17.397069, 14.667694], [-17.397053, 14.66768], [-17.39704, 14.667667], [-17.397027, 14.667654], [-17.397021, 14.667648], [-17.397005, 14.667635], [-17.397001, 14.66763], [-17.396993, 14.667622], [-17.39699, 14.667618], [-17.396985, 14.667611], [-17.396979, 14.667604], [-17.396975, 14.667598], [-17.396974, 14.667597], [-17.396971, 14.667593], [-17.396968, 14.667587], [-17.396966, 14.667585], [-17.396963, 14.667579], [-17.396961, 14.667578], [-17.39696, 14.667577], [-17.396956, 14.667574], [-17.396955, 14.667572], [-17.396953, 14.667568], [-17.39695, 14.667567], [-17.396942, 14.667559], [-17.396932, 14.667552], [-17.39693, 14.667551], [-17.396924, 14.667543], [-17.396923, 14.667541], [-17.396915, 14.667532], [-17.396912, 14.667524], [-17.396905, 14.667516], [-17.396903, 14.667513], [-17.396897, 14.667506], [-17.396896, 14.667503], [-17.396892, 14.667497], [-17.396886, 14.66749], [-17.396881, 14.667484], [-17.396879, 14.667483], [-17.396876, 14.667477], [-17.396873, 14.667475], [-17.396872, 14.667471], [-17.396869, 14.667465], [-17.396868, 14.667463], [-17.396864, 14.667458], [-17.396862, 14.667452], [-17.396857, 14.667444], [-17.396857, 14.667441], [-17.396851, 14.667433], [-17.396849, 14.667433], [-17.396842, 14.667427], [-17.396836, 14.667422], [-17.396834, 14.66742], [-17.396831, 14.667417], [-17.396831, 14.667415], [-17.396829, 14.667411], [-17.396827, 14.667407], [-17.396826, 14.667406], [-17.396824, 14.667402], [-17.396824, 14.667401], [-17.396822, 14.667399], [-17.396821, 14.667395], [-17.396819, 14.667392], [-17.396817, 14.667389], [-17.396817, 14.667388], [-17.396816, 14.667387], [-17.396814, 14.667384], [-17.396814, 14.667383], [-17.396813, 14.667382], [-17.396792, 14.667339], [-17.396792, 14.667337], [-17.396787, 14.667326], [-17.396784, 14.667321], [-17.396782, 14.667314], [-17.396779, 14.667306], [-17.396769, 14.66727], [-17.396758, 14.667237], [-17.396753, 14.667226], [-17.396737, 14.667192], [-17.396734, 14.667183], [-17.396724, 14.667157], [-17.39672, 14.667148], [-17.396717, 14.667136], [-17.396713, 14.667124], [-17.396713, 14.667121], [-17.396711, 14.667105], [-17.396708, 14.66709], [-17.396704, 14.667074], [-17.396703, 14.66707], [-17.396699, 14.667059], [-17.396699, 14.667056], [-17.396699, 14.667046], [-17.396699, 14.667037], [-17.396699, 14.667034], [-17.396699, 14.667029], [-17.396699, 14.66702], [-17.396699, 14.66701], [-17.396699, 14.667008], [-17.396699, 14.667004], [-17.396696, 14.666995], [-17.396695, 14.666987], [-17.396695, 14.666982], [-17.396693, 14.666975], [-17.396692, 14.666972], [-17.396692, 14.666969], [-17.396691, 14.666963], [-17.396691, 14.66696], [-17.396689, 14.666954], [-17.396688, 14.666952], [-17.396687, 14.666945], [-17.396686, 14.666942], [-17.396684, 14.666941], [-17.396683, 14.666935], [-17.396683, 14.66693], [-17.396683, 14.666929], [-17.396683, 14.666926], [-17.396683, 14.666923], [-17.396683, 14.666922], [-17.396678, 14.666842], [-17.396678, 14.666843], [-17.396677, 14.666842], [-17.396672, 14.666804], [-17.396672, 14.666785], [-17.396672, 14.666779], [-17.396671, 14.666764], [-17.396671, 14.666761], [-17.396671, 14.666758], [-17.396671, 14.666748], [-17.396671, 14.666744], [-17.396671, 14.66673], [-17.396668, 14.666723], [-17.396665, 14.66671], [-17.396662, 14.666702], [-17.39666, 14.666695], [-17.396658, 14.666688], [-17.396653, 14.66667], [-17.396652, 14.666665], [-17.396644, 14.66665], [-17.396644, 14.666646], [-17.396643, 14.666643], [-17.396639, 14.666634], [-17.396639, 14.666633], [-17.396637, 14.666626], [-17.396637, 14.666624], [-17.396635, 14.666618], [-17.396635, 14.666615], [-17.396635, 14.666614], [-17.396632, 14.666602], [-17.396628, 14.666588], [-17.396626, 14.666584], [-17.396624, 14.666578], [-17.396616, 14.666562], [-17.396611, 14.666548], [-17.396609, 14.666543], [-17.396605, 14.666537], [-17.3966, 14.666526], [-17.3966, 14.666523], [-17.396595, 14.666515], [-17.396594, 14.666512], [-17.396594, 14.666506], [-17.396594, 14.666503], [-17.396592, 14.666501], [-17.396592, 14.666495], [-17.396592, 14.666492], [-17.396592, 14.66648], [-17.396592, 14.66647], [-17.396592, 14.666459], [-17.396592, 14.66645], [-17.396592, 14.666444], [-17.396592, 14.666441], [-17.396593, 14.666435], [-17.396593, 14.666434], [-17.396593, 14.666432], [-17.396594, 14.666428], [-17.396594, 14.666427], [-17.396594, 14.666422], [-17.396594, 14.66642], [-17.396596, 14.666414], [-17.396599, 14.66641], [-17.396599, 14.666409], [-17.396601, 14.666407], [-17.396601, 14.666404], [-17.396604, 14.666401], [-17.396605, 14.666398], [-17.396611, 14.666335], [-17.396615, 14.66632], [-17.39662, 14.666289], [-17.396621, 14.666275], [-17.396624, 14.666261], [-17.396625, 14.666247], [-17.396631, 14.666206], [-17.396632, 14.666192], [-17.396638, 14.666153], [-17.396639, 14.666141], [-17.396641, 14.666131], [-17.396641, 14.666123], [-17.396646, 14.666103], [-17.396647, 14.666098], [-17.396649, 14.666089], [-17.39665, 14.666086], [-17.396652, 14.666082], [-17.396653, 14.666073], [-17.396654, 14.666069], [-17.396655, 14.666059], [-17.396655, 14.666057], [-17.396655, 14.666047], [-17.396655, 14.666045], [-17.396656, 14.666037], [-17.396656, 14.666031], [-17.396656, 14.666028], [-17.396657, 14.666024], [-17.396657, 14.666022], [-17.396657, 14.66602], [-17.396658, 14.666015], [-17.396658, 14.66601], [-17.396659, 14.666006], [-17.396661, 14.666001], [-17.396661, 14.665997], [-17.396661, 14.665996], [-17.396661, 14.665995], [-17.396668, 14.665966], [-17.396668, 14.665965], [-17.396667, 14.665955], [-17.396667, 14.665899], [-17.396667, 14.665876], [-17.396666, 14.665813], [-17.396666, 14.665796], [-17.396666, 14.66578], [-17.396665, 14.665744], [-17.396665, 14.665734], [-17.396669, 14.665715], [-17.396669, 14.66571], [-17.396668, 14.665695], [-17.396669, 14.665688], [-17.396669, 14.665684], [-17.396672, 14.665677], [-17.396672, 14.665676], [-17.396677, 14.665671], [-17.396678, 14.66567], [-17.396679, 14.665666], [-17.39668, 14.665665], [-17.396681, 14.665661], [-17.396683, 14.66566], [-17.396684, 14.665656], [-17.396684, 14.665652], [-17.396684, 14.665648], [-17.396685, 14.665646], [-17.396685, 14.665641], [-17.396685, 14.66564], [-17.396686, 14.66564], [-17.396697, 14.665613], [-17.396698, 14.665613], [-17.396698, 14.665611], [-17.396698, 14.665608], [-17.396695, 14.665512], [-17.396713, 14.665362], [-17.396713, 14.66536], [-17.396716, 14.665351], [-17.396717, 14.665348], [-17.396717, 14.665346], [-17.39672, 14.665339], [-17.396723, 14.665331], [-17.396723, 14.66533], [-17.396724, 14.665324], [-17.396726, 14.665319], [-17.396726, 14.665316], [-17.396726, 14.665313], [-17.396726, 14.665308], [-17.396725, 14.665305], [-17.396725, 14.665303], [-17.396727, 14.665303], [-17.396727, 14.665302], [-17.396747, 14.665237], [-17.396748, 14.665237], [-17.396752, 14.665229], [-17.396756, 14.665212], [-17.396766, 14.665167], [-17.396769, 14.665155], [-17.396774, 14.665124], [-17.396775, 14.665114], [-17.396778, 14.665092], [-17.396782, 14.665077], [-17.396782, 14.665071], [-17.396787, 14.665058], [-17.396788, 14.665055], [-17.396791, 14.665045], [-17.396793, 14.665035], [-17.396795, 14.66503], [-17.3968, 14.665022], [-17.396801, 14.665018], [-17.396806, 14.66501], [-17.396807, 14.665004], [-17.396807, 14.665], [-17.396809, 14.664995], [-17.396809, 14.664993], [-17.39681, 14.664989], [-17.39681, 14.664987], [-17.39681, 14.664986], [-17.396812, 14.664983], [-17.396813, 14.664982], [-17.396813, 14.66498], [-17.396814, 14.664975], [-17.396816, 14.66497], [-17.396819, 14.664964], [-17.396819, 14.664963], [-17.39682, 14.664957], [-17.396821, 14.664955], [-17.396821, 14.664952], [-17.396821, 14.664947], [-17.396823, 14.664943], [-17.396828, 14.664928], [-17.396828, 14.664926], [-17.396833, 14.664909], [-17.396834, 14.664901], [-17.396836, 14.664879], [-17.396837, 14.664871], [-17.396838, 14.664853], [-17.396838, 14.664848], [-17.396838, 14.664835], [-17.396838, 14.664832], [-17.396838, 14.664827], [-17.396838, 14.664825], [-17.396839, 14.664824], [-17.396839, 14.664823], [-17.396849, 14.664783], [-17.396862, 14.664724], [-17.396873, 14.664688], [-17.396877, 14.664688], [-17.396883, 14.664679], [-17.396886, 14.664676], [-17.396895, 14.664664], [-17.396898, 14.664661], [-17.396904, 14.664652], [-17.39691, 14.664637], [-17.39691, 14.664634], [-17.39691, 14.664625], [-17.39691, 14.664619], [-17.39691, 14.664616], [-17.396909, 14.66461], [-17.396909, 14.664607], [-17.396909, 14.664604], [-17.396909, 14.664601], [-17.396909, 14.664592], [-17.396909, 14.664583], [-17.3969, 14.664568], [-17.39689, 14.664559], [-17.396887, 14.664553], [-17.396884, 14.664548], [-17.396878, 14.664542], [-17.396872, 14.664536], [-17.396869, 14.664524], [-17.396862, 14.664515], [-17.396859, 14.664503], [-17.396859, 14.664491], [-17.396859, 14.664479], [-17.396859, 14.664476], [-17.396859, 14.66447], [-17.396859, 14.664464], [-17.396859, 14.664452], [-17.396862, 14.66444], [-17.396871, 14.664431], [-17.39688, 14.664422], [-17.396883, 14.664422], [-17.396883, 14.664419], [-17.396886, 14.664416], [-17.396892, 14.664413], [-17.396898, 14.66441], [-17.396901, 14.664407], [-17.396907, 14.664404], [-17.39691, 14.664395], [-17.396916, 14.664389], [-17.396916, 14.664386], [-17.396919, 14.664383], [-17.396919, 14.664377], [-17.396925, 14.664365], [-17.396928, 14.664359], [-17.396934, 14.66435], [-17.39694, 14.664341], [-17.396946, 14.664332], [-17.396952, 14.664329], [-17.396955, 14.664323], [-17.396958, 14.66432], [-17.396971, 14.664311], [-17.396977, 14.664302], [-17.396989, 14.664292], [-17.396992, 14.664286], [-17.396995, 14.664283], [-17.396998, 14.664277], [-17.396998, 14.664274], [-17.397001, 14.664265], [-17.397004, 14.664259], [-17.397013, 14.664244], [-17.397022, 14.664235], [-17.397022, 14.664226], [-17.397028, 14.664214], [-17.397034, 14.664205], [-17.39704, 14.664193], [-17.397043, 14.664193], [-17.397049, 14.664178], [-17.397052, 14.664169], [-17.397058, 14.664157], [-17.397064, 14.664148], [-17.397064, 14.664142], [-17.397067, 14.664139], [-17.39707, 14.664133], [-17.397073, 14.66413], [-17.397076, 14.664121], [-17.397082, 14.664112], [-17.397088, 14.6641], [-17.397091, 14.664097], [-17.3971, 14.664082], [-17.3971, 14.664079], [-17.397112, 14.664064], [-17.397115, 14.664055], [-17.397127, 14.664043], [-17.397139, 14.664025], [-17.397142, 14.664022], [-17.397142, 14.664016], [-17.397142, 14.664013], [-17.397145, 14.664007], [-17.397145, 14.663998], [-17.397148, 14.663992], [-17.397148, 14.663983], [-17.397151, 14.663977], [-17.397154, 14.663971], [-17.397154, 14.663968], [-17.397157, 14.663959], [-17.397163, 14.663953], [-17.397166, 14.66395], [-17.397169, 14.663947], [-17.397172, 14.663944], [-17.397175, 14.663941], [-17.397175, 14.663938], [-17.397178, 14.663932], [-17.397181, 14.663929], [-17.397184, 14.663926], [-17.397187, 14.663923], [-17.39719, 14.663917], [-17.397193, 14.663917], [-17.397203, 14.663908], [-17.397206, 14.663902], [-17.397212, 14.663899], [-17.397212, 14.663896], [-17.397218, 14.66389], [-17.397224, 14.663887], [-17.397227, 14.663881], [-17.397233, 14.663878], [-17.397233, 14.663875], [-17.397236, 14.663872], [-17.397239, 14.663869], [-17.397245, 14.663863], [-17.397251, 14.663857], [-17.397257, 14.663853], [-17.397263, 14.66385], [-17.397269, 14.663844], [-17.397279, 14.663841], [-17.397285, 14.663835], [-17.397291, 14.663832], [-17.397297, 14.663829], [-17.397303, 14.663826], [-17.397303, 14.663823], [-17.397306, 14.66382], [-17.397306, 14.663814], [-17.397312, 14.663805], [-17.397312, 14.663802], [-17.397312, 14.663796], [-17.397315, 14.66379], [-17.397318, 14.663784], [-17.397318, 14.663778], [-17.397318, 14.663772], [-17.397321, 14.663763], [-17.397324, 14.663757], [-17.397324, 14.663751], [-17.397327, 14.663748], [-17.397327, 14.663742], [-17.39733, 14.663739], [-17.397333, 14.663736], [-17.397333, 14.663733], [-17.397336, 14.663727], [-17.397342, 14.663724], [-17.397345, 14.663718], [-17.397354, 14.663709], [-17.397357, 14.663703], [-17.39736, 14.6637], [-17.397366, 14.663691], [-17.397366, 14.663685], [-17.397369, 14.663679], [-17.397372, 14.66367], [-17.397381, 14.663658], [-17.397384, 14.663649], [-17.39739, 14.663637], [-17.397399, 14.663625], [-17.397399, 14.663622], [-17.397405, 14.663616], [-17.397411, 14.663607], [-17.397417, 14.663598], [-17.397423, 14.663592], [-17.397432, 14.663586], [-17.397438, 14.663583], [-17.397445, 14.663577], [-17.397451, 14.663574], [-17.39746, 14.663571], [-17.397472, 14.663567], [-17.397481, 14.663564], [-17.397484, 14.663561], [-17.39749, 14.663561], [-17.397496, 14.663558], [-17.397506, 14.663558], [-17.397512, 14.663555], [-17.397518, 14.663552], [-17.397527, 14.663552], [-17.39753, 14.663546], [-17.397539, 14.663543], [-17.397545, 14.663537], [-17.397548, 14.663534], [-17.397555, 14.663534], [-17.397558, 14.663534], [-17.397564, 14.663528], [-17.397567, 14.663528], [-17.39757, 14.663525], [-17.397573, 14.663522], [-17.397576, 14.663519], [-17.397582, 14.663515], [-17.397585, 14.663512], [-17.397588, 14.663506], [-17.397591, 14.6635], [-17.3976, 14.663485], [-17.397609, 14.66347], [-17.397621, 14.663452], [-17.397627, 14.663446], [-17.397636, 14.663425], [-17.397639, 14.663419], [-17.397645, 14.663395], [-17.397654, 14.663374], [-17.397654, 14.663368], [-17.397657, 14.663347], [-17.39766, 14.663338], [-17.397666, 14.663317], [-17.397666, 14.663302], [-17.397666, 14.663296], [-17.397668, 14.663287], [-17.397674, 14.663275], [-17.397678, 14.663272], [-17.397681, 14.663272], [-17.397693, 14.663269], [-17.397696, 14.663269], [-17.397711, 14.663269], [-17.397717, 14.663269], [-17.397745, 14.663269], [-17.397757, 14.663275], [-17.397794, 14.663292], [-17.397807, 14.663295], [-17.397819, 14.663301], [-17.397822, 14.663301], [-17.397825, 14.663301], [-17.397831, 14.663301], [-17.397834, 14.663301], [-17.397844, 14.663301], [-17.39785, 14.663301], [-17.397856, 14.6633], [-17.397859, 14.6633], [-17.397862, 14.6633], [-17.397865, 14.663288], [-17.397865, 14.663282], [-17.397865, 14.663265], [-17.397865, 14.663259], [-17.397864, 14.663247], [-17.397861, 14.663244], [-17.397864, 14.663232], [-17.397867, 14.663229], [-17.397873, 14.663226], [-17.397876, 14.663223], [-17.397883, 14.663223], [-17.397907, 14.663222], [-17.397935, 14.663222], [-17.397941, 14.663222], [-17.397947, 14.663222], [-17.397959, 14.663225], [-17.397966, 14.663231], [-17.397978, 14.663236], [-17.397981, 14.663239], [-17.398003, 14.663242], [-17.398009, 14.663245], [-17.398024, 14.663248], [-17.398027, 14.663248], [-17.39803, 14.663251], [-17.398043, 14.663254], [-17.398061, 14.663263], [-17.398064, 14.663262], [-17.398073, 14.663265], [-17.39808, 14.663271], [-17.398098, 14.66328], [-17.398101, 14.66328], [-17.398114, 14.663289], [-17.398117, 14.663292], [-17.39812, 14.663295], [-17.398141, 14.663309], [-17.398151, 14.663312], [-17.398163, 14.663324], [-17.398172, 14.663333], [-17.398188, 14.663348], [-17.398197, 14.663357], [-17.398231, 14.663386], [-17.398234, 14.663392], [-17.398247, 14.663404], [-17.39825, 14.663407], [-17.398253, 14.663413], [-17.398256, 14.663416], [-17.398256, 14.663419], [-17.398259, 14.663419], [-17.398275, 14.663422], [-17.398281, 14.663425], [-17.398296, 14.663427], [-17.398302, 14.66343], [-17.398305, 14.66343], [-17.398315, 14.663436], [-17.398318, 14.663436], [-17.398333, 14.663439], [-17.398342, 14.663442], [-17.398345, 14.663442], [-17.398352, 14.663442], [-17.398355, 14.663445], [-17.39837, 14.663451], [-17.39837, 14.663454], [-17.398379, 14.663459], [-17.398385, 14.663459], [-17.398389, 14.663465], [-17.398398, 14.663474], [-17.398398, 14.663477], [-17.398404, 14.66348], [-17.39841, 14.663486], [-17.398413, 14.663489], [-17.39842, 14.663495], [-17.398429, 14.663507], [-17.398435, 14.663516], [-17.398438, 14.663519], [-17.398442, 14.66353], [-17.398445, 14.663539], [-17.398448, 14.663551], [-17.398451, 14.663557], [-17.398454, 14.663563], [-17.398454, 14.663578], [-17.398458, 14.663596], [-17.398458, 14.663602], [-17.398458, 14.663626], [-17.398458, 14.663638], [-17.398458, 14.66365], [-17.398458, 14.663653], [-17.398458, 14.663668], [-17.398458, 14.66368], [-17.398459, 14.663704], [-17.398459, 14.663725], [-17.398462, 14.66373], [-17.398462, 14.66376], [-17.398462, 14.663766], [-17.398463, 14.663787], [-17.398463, 14.663793], [-17.398463, 14.663805], [-17.398463, 14.663811], [-17.398463, 14.663814], [-17.398463, 14.663829], [-17.398463, 14.663832], [-17.398463, 14.663841], [-17.398464, 14.663859], [-17.398467, 14.663874], [-17.398467, 14.66388], [-17.398473, 14.663895], [-17.398473, 14.663898], [-17.398476, 14.663922], [-17.398489, 14.663948], [-17.398498, 14.663966], [-17.398505, 14.663978], [-17.398508, 14.663987], [-17.398511, 14.663987], [-17.398514, 14.663996], [-17.39852, 14.664008], [-17.398523, 14.664011], [-17.398527, 14.664017], [-17.39853, 14.664023], [-17.398536, 14.664037], [-17.398542, 14.664061], [-17.398546, 14.664076], [-17.398549, 14.664082], [-17.398552, 14.664097], [-17.398552, 14.664103], [-17.398558, 14.664124], [-17.398562, 14.66413], [-17.398565, 14.66416], [-17.398568, 14.664166], [-17.398571, 14.664181], [-17.398575, 14.664189], [-17.398578, 14.66421], [-17.398584, 14.664231], [-17.398587, 14.664231], [-17.39859, 14.664243], [-17.39859, 14.664246], [-17.398594, 14.664252], [-17.398594, 14.664258], [-17.398597, 14.664267], [-17.3986, 14.664276], [-17.3986, 14.664288], [-17.3986, 14.6643], [-17.3986, 14.664309], [-17.3986, 14.664315], [-17.398601, 14.664324], [-17.398601, 14.66433], [-17.398601, 14.664339], [-17.398601, 14.664342], [-17.398601, 14.664351], [-17.398601, 14.664357], [-17.398601, 14.664362], [-17.398601, 14.664365], [-17.398601, 14.664371], [-17.398607, 14.664383], [-17.39861, 14.664386], [-17.398614, 14.664395], [-17.398623, 14.664413], [-17.398623, 14.664437], [-17.398633, 14.66447], [-17.398639, 14.664494], [-17.398645, 14.664505], [-17.398649, 14.664517], [-17.398649, 14.664526], [-17.398649, 14.664556], [-17.398653, 14.664589], [-17.398656, 14.664616], [-17.398662, 14.664646], [-17.398666, 14.664667], [-17.398678, 14.664693], [-17.398678, 14.664702], [-17.398688, 14.66472], [-17.398691, 14.664729], [-17.3987, 14.664744], [-17.398703, 14.664756], [-17.398722, 14.664783], [-17.398735, 14.664806], [-17.398735, 14.664809], [-17.398741, 14.664821], [-17.398744, 14.664827], [-17.398747, 14.664833], [-17.398747, 14.664836], [-17.398754, 14.664845], [-17.398757, 14.664857], [-17.39876, 14.664866], [-17.398766, 14.664878], [-17.398772, 14.66489], [-17.398785, 14.664901], [-17.398794, 14.664916], [-17.398807, 14.664931], [-17.39881, 14.664931], [-17.398816, 14.664937], [-17.398816, 14.66494], [-17.398825, 14.664949], [-17.398835, 14.664958], [-17.398844, 14.66497], [-17.39885, 14.664975], [-17.398853, 14.664981], [-17.398863, 14.664987], [-17.398866, 14.664996], [-17.398872, 14.665002], [-17.398875, 14.665002], [-17.398884, 14.665011], [-17.398894, 14.665026], [-17.398903, 14.665041], [-17.398912, 14.665055], [-17.398919, 14.665064], [-17.398919, 14.665067], [-17.398928, 14.665079], [-17.398934, 14.665088], [-17.39894, 14.6651], [-17.39895, 14.665109], [-17.398956, 14.665121], [-17.398959, 14.66513], [-17.398962, 14.66513], [-17.398965, 14.665142], [-17.398969, 14.665156], [-17.398975, 14.665165], [-17.398981, 14.665174], [-17.398984, 14.665183], [-17.398988, 14.665195], [-17.398991, 14.665198], [-17.398994, 14.665207], [-17.398997, 14.665216], [-17.399, 14.665225], [-17.399003, 14.66524], [-17.39901, 14.665258], [-17.399016, 14.665273], [-17.399019, 14.665284], [-17.399019, 14.665287], [-17.399022, 14.665302], [-17.399032, 14.66532], [-17.399038, 14.665335], [-17.399048, 14.665353], [-17.399054, 14.665371], [-17.39906, 14.665386], [-17.399063, 14.665389], [-17.399063, 14.665395], [-17.39907, 14.665406], [-17.399076, 14.665409], [-17.399079, 14.665421], [-17.399082, 14.665424], [-17.399082, 14.665433], [-17.399082, 14.665448], [-17.399086, 14.665457], [-17.399086, 14.66546], [-17.399086, 14.665466], [-17.399086, 14.665469], [-17.399086, 14.665475], [-17.399086, 14.665478], [-17.399086, 14.665481], [-17.39908, 14.66552], [-17.39908, 14.665523], [-17.399083, 14.665526], [-17.399086, 14.665529], [-17.399093, 14.665532], [-17.399096, 14.665532], [-17.399105, 14.665538], [-17.399105, 14.665541], [-17.399117, 14.665549], [-17.39912, 14.665552], [-17.39913, 14.665558], [-17.399133, 14.665561], [-17.399139, 14.665567], [-17.399142, 14.665576], [-17.399145, 14.665585], [-17.399148, 14.665588], [-17.399152, 14.665597], [-17.399152, 14.6656], [-17.399155, 14.665609], [-17.399158, 14.665621], [-17.399161, 14.665627], [-17.399161, 14.66563], [-17.399164, 14.665633], [-17.399167, 14.665639], [-17.39917, 14.665644], [-17.399174, 14.665644], [-17.399177, 14.66565], [-17.399177, 14.665653], [-17.39918, 14.665656], [-17.399186, 14.665665], [-17.399192, 14.665671], [-17.399195, 14.665671], [-17.399202, 14.66568], [-17.399208, 14.665683], [-17.399211, 14.665686], [-17.399217, 14.665692], [-17.399223, 14.665698], [-17.399239, 14.665709], [-17.399242, 14.665712], [-17.399248, 14.665715], [-17.399254, 14.665718], [-17.399267, 14.665727], [-17.399273, 14.66573], [-17.399291, 14.665748], [-17.399294, 14.665748], [-17.399301, 14.665754], [-17.39931, 14.665763], [-17.399332, 14.665783], [-17.399338, 14.665789], [-17.399344, 14.665795], [-17.399363, 14.66581], [-17.399369, 14.66581], [-17.399372, 14.665816], [-17.399384, 14.665825], [-17.39939, 14.66583], [-17.399397, 14.665833], [-17.399412, 14.665848], [-17.399415, 14.665854], [-17.399418, 14.665854], [-17.399428, 14.665869], [-17.399434, 14.665875], [-17.39944, 14.665881], [-17.399449, 14.665887], [-17.399449, 14.66589], [-17.399452, 14.665893], [-17.399462, 14.665898], [-17.399468, 14.665904], [-17.399471, 14.66591], [-17.39949, 14.665925], [-17.399499, 14.665937], [-17.399502, 14.66594], [-17.399511, 14.665952], [-17.399521, 14.665964], [-17.399524, 14.665966], [-17.399527, 14.665969], [-17.399527, 14.665972], [-17.399536, 14.665984], [-17.399536, 14.66599], [-17.399539, 14.66599], [-17.399549, 14.666002], [-17.399549, 14.666005], [-17.399555, 14.666008], [-17.399574, 14.666029], [-17.399583, 14.666041], [-17.399586, 14.666044], [-17.399592, 14.666052], [-17.399599, 14.666058], [-17.399617, 14.666082], [-17.399623, 14.666088], [-17.399642, 14.666109], [-17.399645, 14.666115], [-17.399655, 14.666126], [-17.39967, 14.666144], [-17.399676, 14.666147], [-17.399683, 14.666159], [-17.399686, 14.666159], [-17.399692, 14.666168], [-17.399704, 14.66618], [-17.399707, 14.666186], [-17.399707, 14.666189], [-17.39971, 14.666192], [-17.399714, 14.666195], [-17.399717, 14.666198], [-17.399723, 14.666209], [-17.399726, 14.666218], [-17.399729, 14.666218], [-17.399732, 14.666221], [-17.399742, 14.666242], [-17.399748, 14.666254], [-17.399751, 14.66626], [-17.399754, 14.666269], [-17.399757, 14.666272], [-17.399757, 14.666278], [-17.399767, 14.666302], [-17.399767, 14.666308], [-17.399767, 14.666311], [-17.399777, 14.66634], [-17.399783, 14.666355], [-17.399792, 14.666379], [-17.399795, 14.666385], [-17.399799, 14.666394], [-17.399802, 14.6664], [-17.399805, 14.666406], [-17.399814, 14.66643], [-17.399818, 14.666453], [-17.399821, 14.666459], [-17.399824, 14.666462], [-17.399824, 14.666465], [-17.399824, 14.666468], [-17.399827, 14.666483], [-17.399827, 14.666486], [-17.399827, 14.666489], [-17.39983, 14.666495], [-17.39983, 14.666498], [-17.399834, 14.666519], [-17.399834, 14.666522], [-17.399837, 14.666531], [-17.399846, 14.666549], [-17.399849, 14.666555], [-17.399853, 14.666564], [-17.399853, 14.66657], [-17.399859, 14.666588], [-17.399859, 14.666599], [-17.399866, 14.666635], [-17.399866, 14.666641], [-17.399869, 14.66665], [-17.399869, 14.666659], [-17.399869, 14.666683], [-17.399869, 14.666689], [-17.399869, 14.666695], [-17.399869, 14.666698], [-17.39987, 14.666728], [-17.39987, 14.666734], [-17.39987, 14.66674], [-17.399873, 14.666758], [-17.399876, 14.666765], [-17.399876, 14.666767], [-17.399879, 14.666773], [-17.39988, 14.666779], [-17.399883, 14.666784], [-17.399883, 14.666787], [-17.399886, 14.66679], [-17.399896, 14.666871], [-17.399896, 14.666886], [-17.399896, 14.666901], [-17.399896, 14.666919], [-17.399909, 14.666966], [-17.399912, 14.666981], [-17.399919, 14.666996], [-17.399922, 14.667008], [-17.399925, 14.667017], [-17.399941, 14.667062], [-17.399944, 14.667071], [-17.399951, 14.667098], [-17.399957, 14.667103], [-17.399957, 14.667109], [-17.399969, 14.66713], [-17.399969, 14.667136], [-17.399972, 14.667136], [-17.399973, 14.667145], [-17.399976, 14.667151], [-17.399979, 14.667157], [-17.399982, 14.667163], [-17.399988, 14.667181], [-17.399991, 14.667184], [-17.399991, 14.66719], [-17.399998, 14.667202], [-17.399998, 14.667205], [-17.400001, 14.667211], [-17.400004, 14.667219], [-17.400004, 14.667225], [-17.400004, 14.667228], [-17.400004, 14.667231], [-17.400004, 14.667237], [-17.400004, 14.66724], [-17.400004, 14.667243], [-17.400004, 14.667246], [-17.400004, 14.667258], [-17.400005, 14.667267], [-17.400005, 14.66727], [-17.400005, 14.667273], [-17.400005, 14.667282], [-17.400005, 14.667291], [-17.400005, 14.667297], [-17.400005, 14.6673], [-17.400005, 14.667303], [-17.400005, 14.667315], [-17.400005, 14.667333], [-17.400005, 14.667339], [-17.400005, 14.667348], [-17.400006, 14.667354], [-17.400006, 14.667363], [-17.400006, 14.667381], [-17.400006, 14.66739], [-17.400006, 14.667396], [-17.400006, 14.667411], [-17.400009, 14.667435], [-17.400013, 14.66744], [-17.400013, 14.667449], [-17.400016, 14.667458], [-17.400025, 14.667479], [-17.400028, 14.667488], [-17.400029, 14.6675], [-17.400032, 14.667506], [-17.400038, 14.667533], [-17.400048, 14.667554], [-17.400051, 14.66756], [-17.400051, 14.667563], [-17.400054, 14.667578], [-17.400057, 14.667583], [-17.400057, 14.667589], [-17.400057, 14.667595], [-17.400064, 14.667616], [-17.400073, 14.667628], [-17.400076, 14.667637], [-17.400082, 14.667646], [-17.400086, 14.667658], [-17.400089, 14.667661], [-17.400092, 14.667667], [-17.400092, 14.66767], [-17.400098, 14.667685], [-17.400104, 14.667691], [-17.400108, 14.667699], [-17.400117, 14.667717], [-17.400117, 14.66772], [-17.400117, 14.667726], [-17.400126, 14.667747], [-17.400133, 14.667771], [-17.400136, 14.667777], [-17.400142, 14.667801], [-17.400142, 14.667804], [-17.400146, 14.667807], [-17.400149, 14.667813], [-17.400152, 14.667825], [-17.400152, 14.667833], [-17.400155, 14.667839], [-17.400158, 14.667845], [-17.400158, 14.667848], [-17.400161, 14.667863], [-17.400168, 14.667881], [-17.400168, 14.66789], [-17.400171, 14.667896], [-17.400174, 14.667917], [-17.400174, 14.66792], [-17.400178, 14.667926], [-17.400181, 14.667938], [-17.400181, 14.667941], [-17.400184, 14.667947], [-17.400187, 14.66795], [-17.400187, 14.667956], [-17.400187, 14.667959], [-17.400193, 14.667962], [-17.400196, 14.66797], [-17.4002, 14.667976], [-17.400203, 14.667991], [-17.400206, 14.667997], [-17.400212, 14.668015], [-17.400215, 14.668018], [-17.400215, 14.668024], [-17.400219, 14.66803], [-17.400219, 14.668033], [-17.400219, 14.668039], [-17.400222, 14.668045], [-17.400222, 14.668048], [-17.400225, 14.668054], [-17.400225, 14.668057], [-17.400228, 14.668063], [-17.400231, 14.668069], [-17.400234, 14.668072], [-17.400234, 14.668075], [-17.400244, 14.668086], [-17.400247, 14.668089], [-17.40025, 14.668089], [-17.40025, 14.668092], [-17.400253, 14.668095], [-17.400256, 14.668101], [-17.400265, 14.668107], [-17.400272, 14.66811], [-17.400275, 14.66811], [-17.400278, 14.66811], [-17.400281, 14.668113], [-17.400296, 14.668122], [-17.400302, 14.668128], [-17.400306, 14.668128], [-17.400315, 14.668134], [-17.400321, 14.668136], [-17.400321, 14.668139], [-17.400324, 14.668139], [-17.400327, 14.668142], [-17.400352, 14.668184], [-17.400352, 14.668187], [-17.400355, 14.668199], [-17.400393, 14.66824], [-17.400405, 14.668255], [-17.40043, 14.668291], [-17.400439, 14.668306], [-17.400458, 14.668326], [-17.400461, 14.668329], [-17.400474, 14.668344], [-17.40048, 14.668347], [-17.400492, 14.668359], [-17.400495, 14.668362], [-17.400502, 14.668374], [-17.400508, 14.66838], [-17.400508, 14.668383], [-17.400517, 14.668388], [-17.400523, 14.668394], [-17.400526, 14.668397], [-17.40053, 14.668406], [-17.400536, 14.668412], [-17.400536, 14.668418], [-17.400536, 14.668421], [-17.400539, 14.668424], [-17.400548, 14.668436], [-17.400548, 14.668439], [-17.400555, 14.668445], [-17.400564, 14.66846], [-17.400567, 14.66846], [-17.40057, 14.668466], [-17.400579, 14.66848], [-17.400583, 14.668486], [-17.400583, 14.668492], [-17.400592, 14.668516], [-17.400592, 14.668531], [-17.400595, 14.668537], [-17.400596, 14.668543], [-17.400602, 14.668555], [-17.400602, 14.668558], [-17.400605, 14.668564], [-17.400608, 14.668576], [-17.400611, 14.668579], [-17.400614, 14.668588], [-17.400618, 14.668594], [-17.400618, 14.668597], [-17.400621, 14.668605], [-17.400624, 14.668608], [-17.400624, 14.668611], [-17.40063, 14.66862], [-17.40063, 14.668626], [-17.400636, 14.668635], [-17.400637, 14.668647], [-17.40064, 14.66865], [-17.40064, 14.668653], [-17.40064, 14.668662], [-17.40064, 14.668668], [-17.400643, 14.668671], [-17.400643, 14.668683], [-17.400643, 14.668686], [-17.400643, 14.668695], [-17.400643, 14.668707], [-17.40065, 14.668725], [-17.400653, 14.668734], [-17.400653, 14.668764], [-17.40066, 14.668784], [-17.40066, 14.66879], [-17.40066, 14.66882], [-17.40066, 14.668847], [-17.400663, 14.668853], [-17.400663, 14.668856], [-17.400664, 14.668874], [-17.400664, 14.668877], [-17.400664, 14.668886], [-17.400664, 14.668898], [-17.400664, 14.668907], [-17.400664, 14.668925], [-17.400664, 14.668928], [-17.400664, 14.668937], [-17.400661, 14.668952], [-17.400661, 14.668958], [-17.400661, 14.668961], [-17.400661, 14.668964], [-17.400662, 14.668973], [-17.400662, 14.668976], [-17.400662, 14.668979], [-17.400662, 14.668982], [-17.400662, 14.668988], [-17.400662, 14.668999], [-17.400662, 14.669002], [-17.400662, 14.669008], [-17.400662, 14.669017], [-17.400653, 14.669047], [-17.400653, 14.669056], [-17.400653, 14.669062], [-17.400653, 14.669071], [-17.400654, 14.669077], [-17.400651, 14.669095], [-17.400642, 14.669116], [-17.400627, 14.669134], [-17.40062, 14.66914], [-17.400608, 14.669164], [-17.400602, 14.669182], [-17.400599, 14.669185], [-17.400594, 14.669203], [-17.400587, 14.669209], [-17.400587, 14.669212], [-17.400588, 14.669218], [-17.400585, 14.669233], [-17.400582, 14.669236], [-17.400582, 14.669239], [-17.400579, 14.669248], [-17.400576, 14.669248], [-17.400567, 14.669269], [-17.400567, 14.669275], [-17.400564, 14.66929], [-17.400561, 14.669296], [-17.400558, 14.669305], [-17.400555, 14.669308], [-17.400555, 14.669311], [-17.400546, 14.66932], [-17.40054, 14.669329], [-17.40054, 14.669332], [-17.400537, 14.669332], [-17.400534, 14.669341], [-17.400531, 14.669347], [-17.400531, 14.66935], [-17.400528, 14.669353], [-17.400525, 14.669365], [-17.400519, 14.669371], [-17.400519, 14.669386], [-17.400513, 14.669398], [-17.400513, 14.669404], [-17.40051, 14.669407], [-17.40051, 14.669413], [-17.400507, 14.669419], [-17.400504, 14.669431], [-17.400501, 14.669443], [-17.400498, 14.669446], [-17.400495, 14.669449], [-17.400489, 14.669458], [-17.400489, 14.669464], [-17.400483, 14.669479], [-17.400477, 14.669488], [-17.400477, 14.669494], [-17.400474, 14.6695], [-17.400474, 14.669503], [-17.400471, 14.669509], [-17.400468, 14.669512], [-17.400468, 14.669518], [-17.400468, 14.669521], [-17.400465, 14.669527], [-17.400465, 14.66953], [-17.400417, 14.66965], [-17.400417, 14.669647], [-17.400399, 14.669674], [-17.400396, 14.669683], [-17.400393, 14.669692], [-17.400387, 14.669705], [-17.400387, 14.669707], [-17.400384, 14.669716], [-17.400381, 14.669731], [-17.400378, 14.669737], [-17.400378, 14.669746], [-17.400379, 14.669755], [-17.400379, 14.669758], [-17.400376, 14.66977], [-17.400376, 14.669773], [-17.400376, 14.669782], [-17.400373, 14.669785], [-17.400367, 14.669806], [-17.400364, 14.669809], [-17.400358, 14.669821], [-17.400355, 14.669827], [-17.400352, 14.669833], [-17.400346, 14.669851], [-17.400343, 14.66986], [-17.400337, 14.669881], [-17.400334, 14.66989], [-17.400328, 14.669899], [-17.400328, 14.669902], [-17.400322, 14.669926], [-17.400322, 14.669929], [-17.400316, 14.669953], [-17.400316, 14.669959], [-17.400313, 14.669968], [-17.400304, 14.669995], [-17.400301, 14.670004], [-17.40029, 14.670034], [-17.40029, 14.670043], [-17.400287, 14.670055], [-17.400275, 14.670082], [-17.400266, 14.670106], [-17.40026, 14.670118], [-17.400257, 14.670121], [-17.400257, 14.670127], [-17.400248, 14.670139], [-17.400248, 14.670142], [-17.400239, 14.670151], [-17.400239, 14.670154], [-17.400236, 14.670157], [-17.400233, 14.67016], [-17.400223, 14.670172], [-17.400224, 14.670175], [-17.400221, 14.670181], [-17.400217, 14.670184], [-17.400211, 14.670196], [-17.400208, 14.670199], [-17.400202, 14.670211], [-17.400196, 14.670223], [-17.400187, 14.670241], [-17.400187, 14.670244], [-17.400178, 14.670256], [-17.400175, 14.670259], [-17.400175, 14.670265], [-17.400169, 14.670271], [-17.40016, 14.670292], [-17.400157, 14.670293], [-17.400154, 14.670299], [-17.400154, 14.670302], [-17.400142, 14.67032], [-17.400133, 14.670338], [-17.40013, 14.670347], [-17.400127, 14.67035], [-17.400127, 14.670356], [-17.400121, 14.670368], [-17.400121, 14.670374], [-17.400118, 14.670377], [-17.400115, 14.67038], [-17.400109, 14.670392], [-17.400109, 14.670395], [-17.400106, 14.670398], [-17.4001, 14.670404], [-17.400094, 14.670419], [-17.400094, 14.670422], [-17.400091, 14.670425], [-17.400091, 14.670431], [-17.400085, 14.670446], [-17.400082, 14.670446], [-17.400076, 14.670461], [-17.400076, 14.670464], [-17.400073, 14.67047], [-17.40007, 14.670476], [-17.40007, 14.670479], [-17.400067, 14.670479], [-17.400067, 14.670482], [-17.400061, 14.670491], [-17.400058, 14.670494], [-17.400052, 14.670503], [-17.400049, 14.670509], [-17.400049, 14.670512], [-17.400046, 14.670515], [-17.400046, 14.670518], [-17.400046, 14.670521], [-17.400046, 14.670527], [-17.400046, 14.67053], [-17.400046, 14.670533], [-17.400046, 14.670536], [-17.400043, 14.670548], [-17.40004, 14.670557], [-17.40004, 14.67056], [-17.400041, 14.670563], [-17.400041, 14.670566], [-17.400041, 14.670569], [-17.400041, 14.670578], [-17.400041, 14.670581], [-17.400041, 14.670587], [-17.400041, 14.670596], [-17.400041, 14.670599], [-17.400041, 14.670601], [-17.400044, 14.670604], [-17.400047, 14.670616], [-17.40005, 14.670622], [-17.40005, 14.670625], [-17.40005, 14.670631], [-17.400054, 14.670637], [-17.400057, 14.670649], [-17.40006, 14.670655], [-17.40006, 14.670658], [-17.40006, 14.670661], [-17.400063, 14.670667], [-17.400066, 14.670679], [-17.40007, 14.670691], [-17.400073, 14.670694], [-17.400073, 14.6707], [-17.400073, 14.670703], [-17.400076, 14.670709], [-17.400076, 14.670712], [-17.400076, 14.670727], [-17.400076, 14.670736], [-17.400076, 14.670739], [-17.400076, 14.670742], [-17.400076, 14.670745], [-17.400076, 14.670748], [-17.400076, 14.670762], [-17.400077, 14.670774], [-17.400074, 14.670774], [-17.400074, 14.670777], [-17.400074, 14.67078], [-17.400074, 14.670783], [-17.400074, 14.670789], [-17.400071, 14.670792], [-17.400071, 14.670798], [-17.400068, 14.670804], [-17.400065, 14.67081], [-17.400065, 14.670813], [-17.40005, 14.670834], [-17.400043, 14.670835], [-17.400004, 14.670862], [-17.39998, 14.670889], [-17.399971, 14.670904], [-17.399949, 14.670925], [-17.399943, 14.670931], [-17.39994, 14.670934], [-17.399919, 14.670955], [-17.39991, 14.670964], [-17.399904, 14.67097], [-17.399895, 14.670979], [-17.399895, 14.670982], [-17.399889, 14.670986], [-17.399882, 14.670989], [-17.399867, 14.670995], [-17.399861, 14.670998], [-17.399831, 14.671019], [-17.399812, 14.671028], [-17.399812, 14.671031], [-17.399809, 14.671031], [-17.399794, 14.671037], [-17.399773, 14.671043], [-17.399766, 14.671047], [-17.399742, 14.671059], [-17.399721, 14.671074], [-17.399712, 14.67108], [-17.399693, 14.671089], [-17.399678, 14.671095], [-17.399672, 14.671101], [-17.399663, 14.671107], [-17.399638, 14.671117], [-17.39962, 14.671123], [-17.399617, 14.671126], [-17.399605, 14.671132], [-17.399593, 14.671138], [-17.399589, 14.671138], [-17.39958, 14.671141], [-17.399565, 14.671144], [-17.399559, 14.67115], [-17.39955, 14.67115], [-17.399528, 14.671157], [-17.399507, 14.671163], [-17.399504, 14.671166], [-17.399485, 14.671172], [-17.399464, 14.671181], [-17.399458, 14.671184], [-17.39944, 14.671193], [-17.399424, 14.671202], [-17.399415, 14.671206], [-17.399409, 14.671209], [-17.3994, 14.671215], [-17.399379, 14.671224], [-17.399373, 14.671227], [-17.399357, 14.671233], [-17.399348, 14.671233], [-17.399345, 14.671236], [-17.39933, 14.671242], [-17.399317, 14.671245], [-17.399308, 14.671248], [-17.399299, 14.671252], [-17.399296, 14.671255], [-17.399284, 14.671261], [-17.399272, 14.671264], [-17.399272, 14.671267], [-17.399266, 14.67127], [-17.399259, 14.671273], [-17.399259, 14.671276], [-17.399253, 14.671276], [-17.39925, 14.671282], [-17.399241, 14.671285], [-17.399238, 14.671288], [-17.399226, 14.671294], [-17.399223, 14.671297], [-17.39922, 14.671297], [-17.399214, 14.6713], [-17.399205, 14.671303], [-17.399195, 14.671303], [-17.399186, 14.671304], [-17.399177, 14.671304], [-17.399174, 14.671304], [-17.399171, 14.671304], [-17.399168, 14.671304], [-17.399165, 14.671304], [-17.399162, 14.671304]]]}, "properties": {"commune": "GOREE", "key": "GOREE", "population": 1680.0}}, {"type": "Feature", "geometry": {"type": "Polygon", "coordinates": [[[-17.430876, 14.68635], [-17.429465, 14.683344], [-17.429465, 14.683292], [-17.430311, 14.682437], [-17.430332, 14.682421], [-17.430355, 14.682408], [-17.43038, 14.6824], [-17.430406, 14.682394], [-17.430432, 14.682393], [-17.430458, 14.682396], [-17.430952, 14.683498], [-17.433166, 14.68304], [-17.433145, 14.682817], [-17.433219, 14.682806], [-17.433199, 14.682631], [-17.433192, 14.682614], [-17.433197, 14.682613], [-17.433196, 14.682608], [-17.433198, 14.682613], [-17.433201, 14.682613], [-17.433197, 14.682574], [-17.433777, 14.682518], [-17.433873, 14.682414], [-17.432479, 14.680966], [-17.431831, 14.681539], [-17.431788, 14.681509], [-17.432443, 14.680929], [-17.431955, 14.680421], [-17.432176, 14.680202], [-17.433177, 14.681278], [-17.434278, 14.680267], [-17.432847, 14.678813], [-17.431994, 14.679582], [-17.43177, 14.679368], [-17.430457, 14.680556], [-17.430385, 14.680489], [-17.431708, 14.679308], [-17.431218, 14.678837], [-17.430236, 14.677893], [-17.429788, 14.677758], [-17.429695, 14.678007], [-17.428967, 14.679987], [-17.42892, 14.680003], [-17.42887, 14.679864], [-17.428757, 14.679741], [-17.428775, 14.67969], [-17.430289, 14.675482], [-17.430305, 14.675438], [-17.430369, 14.675438], [-17.430481, 14.675514], [-17.431406, 14.67552], [-17.431769, 14.675054], [-17.431646, 14.67495], [-17.431243, 14.674702], [-17.431058, 14.674934], [-17.431035, 14.674915], [-17.431017, 14.674934], [-17.430375, 14.674537], [-17.430312, 14.6746], [-17.430103, 14.674462], [-17.430101, 14.674359], [-17.430062, 14.674341], [-17.429283, 14.67417], [-17.429014, 14.674092], [-17.427771, 14.677608], [-17.427747, 14.6776], [-17.427745, 14.677608], [-17.427532, 14.677528], [-17.426459, 14.677164], [-17.426473, 14.677125], [-17.426431, 14.677109], [-17.427764, 14.673342], [-17.426089, 14.67302], [-17.42505, 14.675868], [-17.423517, 14.675359], [-17.423526, 14.675332], [-17.42346, 14.675308], [-17.424462, 14.672729], [-17.42267, 14.6724], [-17.422157, 14.673849], [-17.421582, 14.675434], [-17.421014, 14.675248], [-17.420776, 14.675591], [-17.421076, 14.675693], [-17.421092, 14.67569], [-17.421311, 14.675521], [-17.421377, 14.675547], [-17.421368, 14.675572], [-17.421304, 14.675554], [-17.421104, 14.675714], [-17.421066, 14.675718], [-17.420762, 14.675614], [-17.420351, 14.676232], [-17.420355, 14.676239], [-17.420189, 14.676498], [-17.420208, 14.676516], [-17.420175, 14.676574], [-17.420151, 14.676586], [-17.420111, 14.676586], [-17.420089, 14.676558], [-17.420981, 14.675251], [-17.421003, 14.675198], [-17.42089, 14.675164], [-17.421476, 14.67119], [-17.421609, 14.670059], [-17.421729, 14.669909], [-17.422202, 14.669867], [-17.422399, 14.669784], [-17.422804, 14.669779], [-17.423124, 14.669754], [-17.423337, 14.66967], [-17.423541, 14.669489], [-17.423645, 14.669288], [-17.42385, 14.669174], [-17.424024, 14.669076], [-17.424291, 14.669082], [-17.424542, 14.668989], [-17.424891, 14.668792], [-17.425134, 14.6687], [-17.425598, 14.668569], [-17.425826, 14.668515], [-17.426069, 14.668416], [-17.426142, 14.668426], [-17.426139, 14.668404], [-17.426254, 14.668261], [-17.426333, 14.668183], [-17.426427, 14.668125], [-17.426586, 14.668099], [-17.426695, 14.668038], [-17.426712, 14.668031], [-17.42677, 14.668005], [-17.426831, 14.667884], [-17.426829, 14.667863], [-17.426829, 14.66785], [-17.426826, 14.667814], [-17.42694, 14.667815], [-17.42695, 14.667813], [-17.426985, 14.667803], [-17.427079, 14.667784], [-17.427193, 14.667757], [-17.427471, 14.667708], [-17.427638, 14.667711], [-17.427896, 14.667714], [-17.428061, 14.667751], [-17.428102, 14.667747], [-17.428354, 14.667616], [-17.428534, 14.667471], [-17.428574, 14.667219], [-17.428725, 14.667249], [-17.428735, 14.667453], [-17.429531, 14.666932], [-17.430512, 14.666267], [-17.430833, 14.665903], [-17.431184, 14.665637], [-17.43121, 14.665618], [-17.431281, 14.6654], [-17.431293, 14.665315], [-17.431298, 14.665278], [-17.43128, 14.665233], [-17.43128, 14.665232], [-17.43128, 14.66523], [-17.43128, 14.665228], [-17.43128, 14.665227], [-17.43128, 14.665223], [-17.43128, 14.665218], [-17.431279, 14.665213], [-17.431278, 14.665207], [-17.431278, 14.665206], [-17.431277, 14.665205], [-17.431277, 14.665201], [-17.431277, 14.665199], [-17.431277, 14.665197], [-17.431277, 14.665193], [-17.431277, 14.665193], [-17.431277, 14.665191], [-17.431277, 14.66519], [-17.431277, 14.665188], [-17.431277, 14.665185], [-17.431277, 14.665181], [-17.431277, 14.66518], [-17.431277, 14.665178], [-17.431277, 14.665176], [-17.431277, 14.665174], [-17.431277, 14.665172], [-17.431274, 14.665168], [-17.431273, 14.665167], [-17.431273, 14.665165], [-17.431272, 14.665165], [-17.431272, 14.665162], [-17.431272, 14.665161], [-17.431271, 14.665158], [-17.431271, 14.665157], [-17.431271, 14.665156], [-17.431271, 14.665155], [-17.431271, 14.665152], [-17.431271, 14.665151], [-17.431271, 14.665148], [-17.431271, 14.665147], [-17.431271, 14.665146], [-17.431271, 14.665145], [-17.43127, 14.665142], [-17.431269, 14.66514], [-17.431269, 14.665139], [-17.431269, 14.665138], [-17.431269, 14.665137], [-17.431269, 14.665136], [-17.431268, 14.665134], [-17.431267, 14.665132], [-17.431267, 14.665131], [-17.431266, 14.665129], [-17.431265, 14.665126], [-17.431265, 14.665123], [-17.431264, 14.66512], [-17.431263, 14.665115], [-17.431263, 14.665114], [-17.431261, 14.665109], [-17.431261, 14.665108], [-17.431261, 14.665107], [-17.431259, 14.665103], [-17.431258, 14.665101], [-17.431258, 14.6651], [-17.431257, 14.665098], [-17.431256, 14.665096], [-17.431255, 14.665094], [-17.431254, 14.665093], [-17.431254, 14.665092], [-17.431252, 14.665088], [-17.431252, 14.665086], [-17.431251, 14.665085], [-17.431251, 14.665084], [-17.43125, 14.665082], [-17.43125, 14.665081], [-17.43125, 14.665079], [-17.431249, 14.665077], [-17.431248, 14.665075], [-17.431248, 14.665073], [-17.431247, 14.665071], [-17.431246, 14.665069], [-17.431245, 14.665067], [-17.431243, 14.665064], [-17.431242, 14.665062], [-17.431241, 14.66506], [-17.43124, 14.665059], [-17.431239, 14.665059], [-17.431237, 14.665057], [-17.431235, 14.665056], [-17.431234, 14.665055], [-17.431232, 14.665054], [-17.431231, 14.665053], [-17.431228, 14.665052], [-17.431227, 14.66505], [-17.431227, 14.66505], [-17.431225, 14.665048], [-17.431223, 14.665046], [-17.431222, 14.665044], [-17.431221, 14.665044], [-17.43122, 14.665042], [-17.43122, 14.665041], [-17.431219, 14.66504], [-17.431217, 14.665038], [-17.431217, 14.665037], [-17.431215, 14.665035], [-17.431215, 14.665034], [-17.431213, 14.665032], [-17.431212, 14.665032], [-17.431212, 14.665031], [-17.43121, 14.66503], [-17.431209, 14.665028], [-17.431208, 14.665027], [-17.431207, 14.665025], [-17.431206, 14.665024], [-17.431205, 14.665022], [-17.431204, 14.665021], [-17.431203, 14.665019], [-17.431202, 14.665017], [-17.431202, 14.665016], [-17.431201, 14.665014], [-17.4312, 14.665012], [-17.431199, 14.665011], [-17.431198, 14.665009], [-17.431197, 14.665008], [-17.431195, 14.665007], [-17.431195, 14.665006], [-17.431193, 14.665004], [-17.431192, 14.665003], [-17.431191, 14.665003], [-17.431191, 14.665002], [-17.431189, 14.665001], [-17.431188, 14.665001], [-17.431186, 14.664999], [-17.431183, 14.664999], [-17.431181, 14.664997], [-17.431177, 14.664996], [-17.431174, 14.664995], [-17.431173, 14.664994], [-17.431172, 14.664994], [-17.431169, 14.664994], [-17.431168, 14.664994], [-17.431166, 14.664993], [-17.431165, 14.664992], [-17.431161, 14.664992], [-17.431156, 14.664991], [-17.431153, 14.66499], [-17.431152, 14.66499], [-17.431149, 14.66499], [-17.431148, 14.664989], [-17.431146, 14.664989], [-17.431141, 14.664988], [-17.431138, 14.664987], [-17.431137, 14.664987], [-17.431136, 14.664987], [-17.431134, 14.664987], [-17.431133, 14.664987], [-17.431132, 14.664986], [-17.431131, 14.664986], [-17.43113, 14.664986], [-17.43113, 14.664986], [-17.431129, 14.664986], [-17.431127, 14.664986], [-17.431124, 14.664986], [-17.431122, 14.664986], [-17.43112, 14.664985], [-17.431118, 14.664985], [-17.431114, 14.664985], [-17.431113, 14.664985], [-17.431111, 14.664985], [-17.43111, 14.664985], [-17.431109, 14.664985], [-17.431108, 14.664985], [-17.431107, 14.664985], [-17.431106, 14.664985], [-17.431104, 14.664985], [-17.431103, 14.664985], [-17.431102, 14.664985], [-17.4311, 14.664985], [-17.431098, 14.664985], [-17.431097, 14.664985], [-17.431093, 14.664985], [-17.431092, 14.664985], [-17.431091, 14.664986], [-17.431089, 14.664986], [-17.431088, 14.664986], [-17.431087, 14.664986], [-17.431087, 14.664987], [-17.431086, 14.664987], [-17.431084, 14.664988], [-17.431082, 14.664989], [-17.43108, 14.664989], [-17.431078, 14.66499], [-17.431076, 14.66499], [-17.431074, 14.664991], [-17.431074, 14.664992], [-17.431073, 14.664992], [-17.431072, 14.664993], [-17.431072, 14.664993], [-17.431072, 14.664994], [-17.431071, 14.664994], [-17.431069, 14.664994], [-17.431067, 14.664996], [-17.431066, 14.664997], [-17.431065, 14.664998], [-17.431065, 14.664999], [-17.431064, 14.665], [-17.431062, 14.665002], [-17.431061, 14.665002], [-17.43106, 14.665004], [-17.431059, 14.665005], [-17.431058, 14.665005], [-17.431057, 14.665006], [-17.431055, 14.665007], [-17.431053, 14.665008], [-17.431052, 14.665009], [-17.43105, 14.66501], [-17.431049, 14.665011], [-17.431047, 14.665011], [-17.431046, 14.665013], [-17.431045, 14.665013], [-17.431042, 14.665015], [-17.431038, 14.665016], [-17.431034, 14.665018], [-17.431034, 14.665018], [-17.43103, 14.66502], [-17.431029, 14.66502], [-17.431028, 14.66502], [-17.431027, 14.665021], [-17.431021, 14.665019], [-17.431014, 14.665027], [-17.431013, 14.665027], [-17.431012, 14.665027], [-17.431011, 14.665027], [-17.431009, 14.665028], [-17.431008, 14.665028], [-17.431, 14.665022], [-17.430998, 14.665023], [-17.430997, 14.665023], [-17.430995, 14.665023], [-17.430991, 14.665023], [-17.430986, 14.665023], [-17.43098, 14.665023], [-17.430978, 14.665023], [-17.430973, 14.665023], [-17.430967, 14.665022], [-17.430962, 14.665022], [-17.430958, 14.665021], [-17.430957, 14.665021], [-17.430956, 14.66502], [-17.430953, 14.665019], [-17.430952, 14.665019], [-17.430949, 14.665019], [-17.430948, 14.665018], [-17.430947, 14.665018], [-17.430946, 14.665018], [-17.430944, 14.665018], [-17.430942, 14.665016], [-17.430941, 14.665016], [-17.430939, 14.665015], [-17.430938, 14.665014], [-17.430937, 14.665014], [-17.430933, 14.665011], [-17.430932, 14.665011], [-17.43093, 14.66501], [-17.430929, 14.665008], [-17.430927, 14.665007], [-17.430927, 14.665006], [-17.430926, 14.665006], [-17.430926, 14.665005], [-17.430926, 14.665004], [-17.430926, 14.665003], [-17.430925, 14.665002], [-17.430925, 14.665001], [-17.430925, 14.664999], [-17.430924, 14.664999], [-17.430924, 14.664997], [-17.430924, 14.664996], [-17.430924, 14.664995], [-17.430924, 14.664994], [-17.430924, 14.664994], [-17.430924, 14.664993], [-17.430924, 14.664992], [-17.430924, 14.66499], [-17.430924, 14.664988], [-17.430924, 14.664987], [-17.430924, 14.664984], [-17.430925, 14.664982], [-17.430926, 14.66498], [-17.430926, 14.664979], [-17.430926, 14.664977], [-17.430926, 14.664975], [-17.430927, 14.664973], [-17.430928, 14.664971], [-17.430929, 14.664966], [-17.43093, 14.664964], [-17.43093, 14.664963], [-17.430932, 14.664957], [-17.430932, 14.664953], [-17.430935, 14.664945], [-17.430936, 14.664944], [-17.430937, 14.664939], [-17.430937, 14.664937], [-17.430937, 14.664935], [-17.430937, 14.664933], [-17.430939, 14.66493], [-17.43094, 14.664929], [-17.43094, 14.664927], [-17.43094, 14.664925], [-17.430941, 14.664922], [-17.430943, 14.664919], [-17.430943, 14.664919], [-17.430944, 14.664918], [-17.430944, 14.664916], [-17.430945, 14.664915], [-17.430946, 14.664912], [-17.430948, 14.664908], [-17.430949, 14.664907], [-17.430951, 14.664903], [-17.430954, 14.664899], [-17.430955, 14.664897], [-17.430956, 14.664895], [-17.430959, 14.664891], [-17.43096, 14.664888], [-17.430964, 14.664882], [-17.430966, 14.664879], [-17.430967, 14.664877], [-17.430968, 14.664875], [-17.430969, 14.664873], [-17.430971, 14.664871], [-17.430974, 14.664869], [-17.430974, 14.664867], [-17.430976, 14.664864], [-17.430979, 14.664859], [-17.430982, 14.664856], [-17.430985, 14.664852], [-17.430987, 14.66485], [-17.43099, 14.664847], [-17.430992, 14.664845], [-17.430993, 14.664844], [-17.430994, 14.664843], [-17.430995, 14.664842], [-17.430995, 14.66484], [-17.430997, 14.664837], [-17.430998, 14.664837], [-17.430999, 14.664835], [-17.431003, 14.664832], [-17.431004, 14.66483], [-17.431005, 14.664829], [-17.431008, 14.664827], [-17.431011, 14.664824], [-17.431013, 14.664823], [-17.431014, 14.664822], [-17.431015, 14.664821], [-17.431017, 14.66482], [-17.431021, 14.66482], [-17.431023, 14.66482], [-17.431027, 14.664819], [-17.431028, 14.664819], [-17.431029, 14.664819], [-17.431031, 14.664819], [-17.431033, 14.664819], [-17.431034, 14.664818], [-17.431036, 14.664818], [-17.431037, 14.664818], [-17.431041, 14.664818], [-17.431043, 14.664818], [-17.431045, 14.664818], [-17.431046, 14.664818], [-17.431048, 14.664819], [-17.431053, 14.66482], [-17.431057, 14.664822], [-17.431061, 14.664824], [-17.431072, 14.664827], [-17.431079, 14.664829], [-17.431088, 14.664831], [-17.431093, 14.664832], [-17.431095, 14.664833], [-17.431101, 14.664834], [-17.431104, 14.664835], [-17.431106, 14.664836], [-17.431107, 14.664836], [-17.431109, 14.664836], [-17.431111, 14.664837], [-17.431112, 14.664838], [-17.431117, 14.664838], [-17.431122, 14.664839], [-17.431124, 14.66484], [-17.431129, 14.664842], [-17.431131, 14.664842], [-17.431134, 14.664843], [-17.43114, 14.664843], [-17.431146, 14.664843], [-17.431147, 14.664844], [-17.43115, 14.664845], [-17.431153, 14.664845], [-17.431156, 14.664845], [-17.431157, 14.664845], [-17.431158, 14.664846], [-17.43116, 14.664846], [-17.431162, 14.664846], [-17.431164, 14.664847], [-17.43117, 14.664849], [-17.431171, 14.664849], [-17.431197, 14.664858], [-17.431226, 14.664846], [-17.431324, 14.664784], [-17.431384, 14.664615], [-17.43143, 14.664277], [-17.431475, 14.663903], [-17.431449, 14.663722], [-17.431496, 14.663528], [-17.431568, 14.663299], [-17.431604, 14.663178], [-17.431675, 14.662924], [-17.431759, 14.662633], [-17.431743, 14.662308], [-17.431765, 14.662115], [-17.431763, 14.66191], [-17.431774, 14.661813], [-17.431869, 14.661402], [-17.431921, 14.661345], [-17.431979, 14.66128], [-17.432114, 14.661194], [-17.432251, 14.661205], [-17.432386, 14.661083], [-17.432372, 14.660948], [-17.432322, 14.660888], [-17.432259, 14.660805], [-17.432233, 14.660708], [-17.432269, 14.660624], [-17.432392, 14.660562], [-17.432552, 14.660416], [-17.432687, 14.660318], [-17.43286, 14.660256], [-17.433105, 14.660161], [-17.433155, 14.660017], [-17.433248, 14.659853], [-17.433365, 14.659774], [-17.433521, 14.659749], [-17.433759, 14.659687], [-17.433947, 14.659633], [-17.434123, 14.659557], [-17.434165, 14.659536], [-17.434164, 14.659446], [-17.434138, 14.659314], [-17.434038, 14.659278], [-17.433827, 14.659196], [-17.433627, 14.659078], [-17.433502, 14.65897], [-17.433402, 14.658875], [-17.433326, 14.658767], [-17.433305, 14.65868], [-17.433296, 14.658647], [-17.433275, 14.65856], [-17.433273, 14.658404], [-17.433271, 14.658247], [-17.433292, 14.658091], [-17.43337, 14.658016], [-17.43337, 14.658013], [-17.433373, 14.65801], [-17.433373, 14.658007], [-17.433376, 14.658004], [-17.433379, 14.658001], [-17.433382, 14.657998], [-17.433385, 14.657993], [-17.433388, 14.657993], [-17.433388, 14.65799], [-17.433391, 14.65799], [-17.433391, 14.657987], [-17.433394, 14.657984], [-17.433396, 14.657981], [-17.433399, 14.657978], [-17.433402, 14.657975], [-17.433402, 14.657972], [-17.433405, 14.657972], [-17.433408, 14.65797], [-17.433408, 14.657967], [-17.433411, 14.657967], [-17.433411, 14.657964], [-17.433414, 14.657964], [-17.433417, 14.657961], [-17.43342, 14.657958], [-17.433423, 14.657955], [-17.433423, 14.657952], [-17.433426, 14.657949], [-17.433429, 14.657946], [-17.433432, 14.657944], [-17.433432, 14.657941], [-17.433432, 14.657938], [-17.433435, 14.657938], [-17.433435, 14.657935], [-17.433438, 14.657935], [-17.433438, 14.657932], [-17.433441, 14.657929], [-17.433441, 14.657926], [-17.433444, 14.657923], [-17.433447, 14.65792], [-17.43345, 14.657917], [-17.433453, 14.657912], [-17.433456, 14.657909], [-17.433459, 14.657903], [-17.433462, 14.657897], [-17.433465, 14.657894], [-17.433465, 14.657891], [-17.433468, 14.657889], [-17.433471, 14.657883], [-17.433474, 14.65788], [-17.433477, 14.657877], [-17.43348, 14.657871], [-17.433483, 14.657868], [-17.433486, 14.657863], [-17.433492, 14.65786], [-17.433492, 14.657854], [-17.433495, 14.657854], [-17.433498, 14.657851], [-17.433498, 14.657848], [-17.433503, 14.657845], [-17.433506, 14.657839], [-17.433506, 14.657837], [-17.433509, 14.657834], [-17.433512, 14.657828], [-17.433518, 14.657819], [-17.433524, 14.657813], [-17.433533, 14.657802], [-17.433533, 14.657799], [-17.433536, 14.657793], [-17.433539, 14.657793], [-17.433539, 14.657787], [-17.433545, 14.657784], [-17.433545, 14.657782], [-17.433551, 14.657776], [-17.433554, 14.65777], [-17.43356, 14.657764], [-17.433563, 14.657758], [-17.433566, 14.657756], [-17.433569, 14.657753], [-17.433572, 14.65775], [-17.433578, 14.657744], [-17.433578, 14.657741], [-17.433584, 14.657735], [-17.43359, 14.657727], [-17.433596, 14.657721], [-17.433596, 14.657718], [-17.433599, 14.657715], [-17.433601, 14.657709], [-17.433604, 14.657706], [-17.433604, 14.657703], [-17.433607, 14.657701], [-17.433607, 14.657698], [-17.43361, 14.657689], [-17.433613, 14.657683], [-17.433613, 14.657677], [-17.433616, 14.657672], [-17.433619, 14.657663], [-17.433619, 14.657657], [-17.433622, 14.657654], [-17.433622, 14.657651], [-17.433625, 14.657646], [-17.433625, 14.65764], [-17.433625, 14.657637], [-17.433628, 14.657631], [-17.433631, 14.657625], [-17.433631, 14.657617], [-17.433631, 14.657611], [-17.433631, 14.657605], [-17.433634, 14.657596], [-17.433637, 14.657585], [-17.43364, 14.657568], [-17.43364, 14.657565], [-17.43364, 14.657559], [-17.43364, 14.657556], [-17.433643, 14.65755], [-17.433643, 14.657544], [-17.433646, 14.65753], [-17.433646, 14.657524], [-17.433652, 14.657521], [-17.433652, 14.657515], [-17.433652, 14.657513], [-17.433655, 14.657504], [-17.433658, 14.657498], [-17.433658, 14.657495], [-17.433658, 14.657489], [-17.433658, 14.657484], [-17.433658, 14.657481], [-17.433658, 14.657478], [-17.433661, 14.657475], [-17.433661, 14.657466], [-17.433661, 14.657463], [-17.433667, 14.657452], [-17.433667, 14.657437], [-17.43367, 14.657426], [-17.433664, 14.657255], [-17.433664, 14.657252], [-17.433664, 14.657249], [-17.433664, 14.657246], [-17.433664, 14.657244], [-17.433664, 14.657241], [-17.433664, 14.657238], [-17.433664, 14.657235], [-17.433664, 14.657232], [-17.433664, 14.657229], [-17.433664, 14.657226], [-17.433664, 14.657223], [-17.433664, 14.65722], [-17.433664, 14.657218], [-17.433664, 14.657215], [-17.433664, 14.657212], [-17.433664, 14.657206], [-17.433664, 14.657203], [-17.433664, 14.657197], [-17.433664, 14.657189], [-17.433664, 14.657183], [-17.433664, 14.657177], [-17.433664, 14.657174], [-17.433664, 14.657171], [-17.433664, 14.657168], [-17.433664, 14.657165], [-17.433664, 14.65716], [-17.433664, 14.657157], [-17.433664, 14.657151], [-17.433664, 14.657148], [-17.433661, 14.657142], [-17.433658, 14.657134], [-17.433658, 14.657128], [-17.433655, 14.657122], [-17.433652, 14.657122], [-17.433652, 14.657119], [-17.433652, 14.657116], [-17.433652, 14.657111], [-17.433649, 14.657105], [-17.433649, 14.657102], [-17.433646, 14.657096], [-17.433646, 14.657093], [-17.433646, 14.657087], [-17.433643, 14.657084], [-17.433643, 14.657079], [-17.433643, 14.657076], [-17.433643, 14.657073], [-17.433643, 14.65707], [-17.433643, 14.657067], [-17.433643, 14.657064], [-17.433643, 14.657061], [-17.433643, 14.657058], [-17.433643, 14.657056], [-17.433643, 14.657053], [-17.433643, 14.657047], [-17.433643, 14.657044], [-17.433643, 14.657035], [-17.433643, 14.657027], [-17.433643, 14.657024], [-17.433643, 14.657018], [-17.433643, 14.657015], [-17.433643, 14.657012], [-17.433643, 14.657009], [-17.433643, 14.657006], [-17.433643, 14.657003], [-17.433643, 14.657001], [-17.433643, 14.656998], [-17.433643, 14.656995], [-17.433643, 14.656992], [-17.43364, 14.656986], [-17.43364, 14.656983], [-17.433637, 14.656977], [-17.433637, 14.656975], [-17.433637, 14.656969], [-17.433637, 14.656966], [-17.433637, 14.65696], [-17.433637, 14.656951], [-17.433634, 14.656946], [-17.433634, 14.656943], [-17.433631, 14.656937], [-17.433631, 14.656934], [-17.433631, 14.656931], [-17.433628, 14.656922], [-17.433625, 14.656914], [-17.433625, 14.656908], [-17.433622, 14.656899], [-17.433622, 14.656896], [-17.433619, 14.656894], [-17.433619, 14.656888], [-17.433619, 14.656885], [-17.433613, 14.656876], [-17.43361, 14.656862], [-17.43361, 14.656853], [-17.433607, 14.656847], [-17.433607, 14.656842], [-17.433607, 14.656839], [-17.433601, 14.656824], [-17.433601, 14.656821], [-17.433601, 14.656815], [-17.433599, 14.65681], [-17.433599, 14.656807], [-17.433599, 14.656804], [-17.433593, 14.656798], [-17.433593, 14.656792], [-17.433593, 14.656789], [-17.43359, 14.656787], [-17.433587, 14.656784], [-17.433587, 14.656778], [-17.433587, 14.656775], [-17.433587, 14.656772], [-17.433584, 14.656766], [-17.433584, 14.656763], [-17.433581, 14.656761], [-17.433578, 14.656755], [-17.433578, 14.656752], [-17.433578, 14.656749], [-17.433575, 14.656746], [-17.433572, 14.656743], [-17.433569, 14.65674], [-17.433569, 14.656737], [-17.433566, 14.656734], [-17.433563, 14.656734], [-17.433563, 14.656732], [-17.43356, 14.656726], [-17.433557, 14.656723], [-17.433554, 14.656717], [-17.433554, 14.656714], [-17.433551, 14.656711], [-17.433545, 14.656706], [-17.433545, 14.6567], [-17.433542, 14.656697], [-17.433542, 14.656691], [-17.433542, 14.656685], [-17.433542, 14.656682], [-17.433559, 14.656649], [-17.433558, 14.656647], [-17.433557, 14.656644], [-17.433551, 14.656636], [-17.433575, 14.656604], [-17.433575, 14.656599], [-17.433575, 14.656593], [-17.433575, 14.65657], [-17.433575, 14.656564], [-17.433575, 14.656552], [-17.433575, 14.656544], [-17.433575, 14.656538], [-17.433575, 14.656523], [-17.433575, 14.656512], [-17.433575, 14.6565], [-17.433575, 14.656494], [-17.433575, 14.656492], [-17.433575, 14.656483], [-17.433575, 14.656474], [-17.433575, 14.656468], [-17.433575, 14.656465], [-17.433578, 14.656454], [-17.433578, 14.656448], [-17.433578, 14.656439], [-17.433578, 14.656434], [-17.433578, 14.656428], [-17.433578, 14.656419], [-17.433578, 14.656413], [-17.433578, 14.656405], [-17.433578, 14.656399], [-17.433578, 14.65639], [-17.433578, 14.656384], [-17.433575, 14.65637], [-17.433575, 14.656367], [-17.433572, 14.656361], [-17.433566, 14.656341], [-17.433566, 14.656338], [-17.433563, 14.656324], [-17.43356, 14.656312], [-17.43356, 14.656306], [-17.43356, 14.656292], [-17.43356, 14.65628], [-17.43356, 14.656266], [-17.43356, 14.656257], [-17.43356, 14.656249], [-17.433554, 14.656228], [-17.433554, 14.656211], [-17.433554, 14.656196], [-17.433551, 14.656182], [-17.433548, 14.656162], [-17.433542, 14.656144], [-17.433539, 14.656133], [-17.433527, 14.656098], [-17.433524, 14.656092], [-17.433524, 14.656095], [-17.433506, 14.655974], [-17.433506, 14.655971], [-17.433503, 14.655971], [-17.433503, 14.655968], [-17.4335, 14.655965], [-17.4335, 14.655962], [-17.433498, 14.655962], [-17.433498, 14.655959], [-17.433495, 14.655951], [-17.433495, 14.655948], [-17.433495, 14.655945], [-17.433492, 14.655945], [-17.433492, 14.655942], [-17.433492, 14.655936], [-17.433492, 14.655933], [-17.433492, 14.65593], [-17.433492, 14.655927], [-17.433492, 14.655925], [-17.433489, 14.655919], [-17.433489, 14.655916], [-17.433489, 14.65591], [-17.433486, 14.655907], [-17.433483, 14.655904], [-17.433483, 14.655901], [-17.433483, 14.655896], [-17.43348, 14.655896], [-17.43348, 14.655893], [-17.433477, 14.655887], [-17.433474, 14.655881], [-17.433471, 14.655875], [-17.433471, 14.655873], [-17.433468, 14.65587], [-17.433468, 14.655864], [-17.433462, 14.655858], [-17.433462, 14.655852], [-17.433459, 14.655847], [-17.433459, 14.655841], [-17.433456, 14.655835], [-17.433456, 14.655832], [-17.433456, 14.655826], [-17.433453, 14.655823], [-17.433453, 14.655818], [-17.433447, 14.655809], [-17.433447, 14.655806], [-17.433447, 14.6558], [-17.433441, 14.655792], [-17.433438, 14.655786], [-17.433435, 14.655777], [-17.433432, 14.655774], [-17.433429, 14.655766], [-17.433426, 14.655763], [-17.433426, 14.655757], [-17.43342, 14.655751], [-17.433417, 14.655745], [-17.433414, 14.655737], [-17.433411, 14.655728], [-17.433402, 14.655716], [-17.433402, 14.655713], [-17.433399, 14.655713], [-17.433391, 14.655699], [-17.433388, 14.655696], [-17.433382, 14.655685], [-17.433373, 14.655676], [-17.433373, 14.65567], [-17.433367, 14.655661], [-17.433361, 14.655653], [-17.433355, 14.655647], [-17.433349, 14.655635], [-17.433346, 14.655624], [-17.43334, 14.655609], [-17.433334, 14.655606], [-17.433334, 14.655601], [-17.433334, 14.655598], [-17.433331, 14.655595], [-17.433331, 14.655592], [-17.433328, 14.655586], [-17.433325, 14.65558], [-17.433319, 14.655578], [-17.433319, 14.655575], [-17.433316, 14.655572], [-17.433313, 14.655572], [-17.433313, 14.655566], [-17.433307, 14.655563], [-17.433307, 14.65556], [-17.433301, 14.655554], [-17.43329, 14.655543], [-17.433284, 14.655537], [-17.433281, 14.655534], [-17.433275, 14.655531], [-17.433266, 14.65552], [-17.433266, 14.655514], [-17.43326, 14.655511], [-17.433254, 14.655499], [-17.433251, 14.655494], [-17.433248, 14.655488], [-17.433245, 14.655485], [-17.433245, 14.655479], [-17.433242, 14.655473], [-17.433239, 14.655468], [-17.433239, 14.655462], [-17.433239, 14.655456], [-17.433233, 14.655447], [-17.433233, 14.655444], [-17.433233, 14.655442], [-17.43323, 14.655442], [-17.433227, 14.655436], [-17.433224, 14.65543], [-17.433221, 14.655427], [-17.433221, 14.655424], [-17.433218, 14.655421], [-17.433215, 14.655413], [-17.433212, 14.65541], [-17.433212, 14.655407], [-17.433206, 14.655401], [-17.433203, 14.655398], [-17.4332, 14.655392], [-17.433191, 14.655384], [-17.433189, 14.655381], [-17.433183, 14.655378], [-17.43318, 14.655375], [-17.433171, 14.655369], [-17.433171, 14.655366], [-17.433165, 14.655361], [-17.433165, 14.655358], [-17.433156, 14.655349], [-17.433153, 14.655346], [-17.433147, 14.655343], [-17.433144, 14.655337], [-17.433135, 14.655332], [-17.433129, 14.655329], [-17.433123, 14.655323], [-17.433117, 14.655317], [-17.433111, 14.655314], [-17.433105, 14.655309], [-17.433099, 14.655306], [-17.433099, 14.655303], [-17.433093, 14.655297], [-17.43309, 14.655294], [-17.433085, 14.655288], [-17.433076, 14.655282], [-17.43307, 14.655274], [-17.433064, 14.655265], [-17.433052, 14.655259], [-17.433052, 14.655256], [-17.433046, 14.655251], [-17.43304, 14.655248], [-17.433037, 14.655248], [-17.433031, 14.655242], [-17.433028, 14.655242], [-17.433019, 14.655236], [-17.43301, 14.65523], [-17.433007, 14.65523], [-17.433004, 14.655228], [-17.433001, 14.655228], [-17.432992, 14.655222], [-17.432986, 14.655219], [-17.432984, 14.655219], [-17.432981, 14.655216], [-17.432978, 14.655216], [-17.432969, 14.655213], [-17.432966, 14.65521], [-17.432954, 14.655207], [-17.432951, 14.655201], [-17.432948, 14.655201], [-17.432945, 14.655201], [-17.432942, 14.655199], [-17.432936, 14.655199], [-17.432933, 14.655196], [-17.432924, 14.655193], [-17.432918, 14.655187], [-17.432915, 14.655187], [-17.432909, 14.655187], [-17.432906, 14.655184], [-17.432897, 14.655181], [-17.432891, 14.655178], [-17.43288, 14.655175], [-17.432871, 14.655175], [-17.432865, 14.655173], [-17.432856, 14.655173], [-17.432847, 14.655164], [-17.432841, 14.655164], [-17.432838, 14.655164], [-17.432832, 14.655161], [-17.432829, 14.655161], [-17.432823, 14.655158], [-17.432817, 14.655155], [-17.432811, 14.655155], [-17.432805, 14.655155], [-17.432799, 14.655149], [-17.432793, 14.655149], [-17.432787, 14.655147], [-17.432784, 14.655147], [-17.432781, 14.655144], [-17.432776, 14.655141], [-17.43277, 14.655141], [-17.432764, 14.655138], [-17.432761, 14.655135], [-17.432755, 14.655135], [-17.432743, 14.655132], [-17.432725, 14.655126], [-17.432716, 14.655123], [-17.432701, 14.655118], [-17.432695, 14.655115], [-17.432683, 14.655112], [-17.432675, 14.655112], [-17.432666, 14.655109], [-17.432645, 14.6551], [-17.432636, 14.6551], [-17.432624, 14.655097], [-17.432612, 14.655092], [-17.432606, 14.655092], [-17.432603, 14.655092], [-17.432588, 14.655089], [-17.432585, 14.655089], [-17.432579, 14.655086], [-17.432571, 14.655083], [-17.43255, 14.655077], [-17.432538, 14.655077], [-17.432523, 14.655074], [-17.432517, 14.655071], [-17.432505, 14.655068], [-17.43249, 14.655066], [-17.432487, 14.655066], [-17.432475, 14.655063], [-17.432473, 14.65506], [-17.43247, 14.65506], [-17.432467, 14.65506], [-17.432446, 14.655057], [-17.432437, 14.655057], [-17.432401, 14.655028], [-17.432395, 14.655019], [-17.432386, 14.655013], [-17.432383, 14.655013], [-17.43238, 14.655013], [-17.432377, 14.655013], [-17.432374, 14.655011], [-17.432369, 14.655011], [-17.432366, 14.655011], [-17.43236, 14.655011], [-17.432351, 14.655008], [-17.432348, 14.655008], [-17.432342, 14.655008], [-17.43233, 14.655002], [-17.432324, 14.654999], [-17.432318, 14.654999], [-17.432315, 14.654999], [-17.432312, 14.654996], [-17.432309, 14.654996], [-17.432306, 14.654993], [-17.432306, 14.65499], [-17.432303, 14.65499], [-17.4323, 14.65499], [-17.432297, 14.654987], [-17.432291, 14.654987], [-17.432285, 14.654985], [-17.432282, 14.654985], [-17.432279, 14.654982], [-17.432276, 14.654982], [-17.432273, 14.654982], [-17.43227, 14.654982], [-17.432268, 14.654979], [-17.432262, 14.654979], [-17.432259, 14.654979], [-17.432256, 14.654979], [-17.432247, 14.654976], [-17.432244, 14.654976], [-17.432241, 14.654973], [-17.432232, 14.654973], [-17.432229, 14.654973], [-17.432217, 14.65497], [-17.432208, 14.654967], [-17.432202, 14.654967], [-17.432196, 14.654964], [-17.43219, 14.654964], [-17.432172, 14.654959], [-17.432158, 14.654956], [-17.432152, 14.654953], [-17.43214, 14.65495], [-17.432119, 14.654944], [-17.432113, 14.654941], [-17.432098, 14.654941], [-17.432089, 14.654941], [-17.432083, 14.654941], [-17.432077, 14.654941], [-17.432071, 14.654938], [-17.432068, 14.654935], [-17.432065, 14.654935], [-17.432063, 14.654935], [-17.43206, 14.654935], [-17.432057, 14.654935], [-17.432054, 14.654935], [-17.432051, 14.654935], [-17.432048, 14.654935], [-17.432045, 14.654935], [-17.432042, 14.654935], [-17.432036, 14.654935], [-17.432033, 14.654935], [-17.43203, 14.654935], [-17.432027, 14.654935], [-17.432024, 14.654935], [-17.432021, 14.654938], [-17.432018, 14.654938], [-17.432015, 14.654941], [-17.431858, 14.654908], [-17.431734, 14.654832], [-17.431523, 14.654738], [-17.431348, 14.654619], [-17.431236, 14.654596], [-17.4311, 14.654597], [-17.430977, 14.654659], [-17.430903, 14.65466], [-17.430739, 14.654468], [-17.430699, 14.654167], [-17.430685, 14.654035], [-17.430844, 14.653828], [-17.430942, 14.653731], [-17.431051, 14.653525], [-17.431148, 14.653343], [-17.431147, 14.65321], [-17.431121, 14.653126], [-17.431057, 14.65294], [-17.431041, 14.652919], [-17.43104, 14.652861], [-17.43104, 14.652853], [-17.43104, 14.652844], [-17.43104, 14.652838], [-17.43104, 14.652835], [-17.43104, 14.652833], [-17.43104, 14.65283], [-17.43104, 14.652827], [-17.43104, 14.652821], [-17.43104, 14.652818], [-17.43104, 14.652809], [-17.43104, 14.652807], [-17.43104, 14.652801], [-17.431035, 14.652786], [-17.431035, 14.652772], [-17.431032, 14.652763], [-17.431032, 14.652757], [-17.431032, 14.652752], [-17.431032, 14.652743], [-17.431032, 14.652734], [-17.431029, 14.652717], [-17.431029, 14.652711], [-17.431029, 14.652705], [-17.431029, 14.652702], [-17.431029, 14.652697], [-17.431029, 14.652694], [-17.431029, 14.652691], [-17.431029, 14.652688], [-17.431029, 14.652685], [-17.431029, 14.652682], [-17.431026, 14.652676], [-17.431026, 14.652673], [-17.431026, 14.652671], [-17.431023, 14.652662], [-17.431023, 14.652659], [-17.431023, 14.652653], [-17.431023, 14.65265], [-17.431023, 14.652647], [-17.43102, 14.652639], [-17.43102, 14.652636], [-17.431017, 14.652627], [-17.431017, 14.652621], [-17.431014, 14.652616], [-17.431014, 14.652607], [-17.431014, 14.652604], [-17.431014, 14.652595], [-17.431014, 14.652587], [-17.431014, 14.652569], [-17.431014, 14.652555], [-17.431014, 14.652549], [-17.431014, 14.652543], [-17.431014, 14.652537], [-17.431014, 14.652535], [-17.431014, 14.652526], [-17.431014, 14.652511], [-17.431014, 14.652509], [-17.431014, 14.652503], [-17.431014, 14.6525], [-17.431014, 14.652488], [-17.431017, 14.652483], [-17.43102, 14.652477], [-17.43102, 14.652471], [-17.43102, 14.652465], [-17.43102, 14.652462], [-17.43102, 14.652445], [-17.43102, 14.652439], [-17.43102, 14.652433], [-17.43102, 14.652428], [-17.43102, 14.652416], [-17.43102, 14.65241], [-17.43102, 14.652404], [-17.431017, 14.65239], [-17.431017, 14.652384], [-17.431017, 14.652378], [-17.431014, 14.65237], [-17.431014, 14.652361], [-17.431014, 14.652358], [-17.431011, 14.652352], [-17.431008, 14.652344], [-17.431008, 14.652338], [-17.431008, 14.652332], [-17.431005, 14.652323], [-17.431005, 14.652318], [-17.431002, 14.652309], [-17.431002, 14.652306], [-17.431002, 14.6523], [-17.430999, 14.652295], [-17.430999, 14.652283], [-17.430996, 14.652277], [-17.430993, 14.652274], [-17.430993, 14.652263], [-17.430993, 14.65226], [-17.430993, 14.652248], [-17.43099, 14.65224], [-17.430987, 14.652231], [-17.430984, 14.652225], [-17.430981, 14.652214], [-17.430981, 14.652205], [-17.430975, 14.652188], [-17.430972, 14.652179], [-17.430972, 14.652173], [-17.430972, 14.652167], [-17.430972, 14.652161], [-17.430972, 14.652156], [-17.430972, 14.652153], [-17.430972, 14.652138], [-17.430972, 14.652133], [-17.430972, 14.652127], [-17.430972, 14.652121], [-17.430972, 14.652115], [-17.430972, 14.652107], [-17.430972, 14.652101], [-17.430972, 14.652095], [-17.430972, 14.652083], [-17.430969, 14.652078], [-17.430969, 14.652072], [-17.430969, 14.652063], [-17.430963, 14.652046], [-17.430963, 14.652031], [-17.430963, 14.652026], [-17.43096, 14.652011], [-17.43096, 14.652008], [-17.430957, 14.652002], [-17.430957, 14.651991], [-17.430954, 14.651982], [-17.430954, 14.651976], [-17.430954, 14.651968], [-17.430948, 14.651959], [-17.430948, 14.651953], [-17.430945, 14.65195], [-17.430942, 14.651945], [-17.430942, 14.651942], [-17.430942, 14.651936], [-17.430939, 14.651933], [-17.430937, 14.651924], [-17.430934, 14.651921], [-17.430931, 14.65191], [-17.430928, 14.651904], [-17.430925, 14.651898], [-17.430922, 14.651887], [-17.430913, 14.651878], [-17.43091, 14.651864], [-17.430904, 14.651852], [-17.430901, 14.651846], [-17.430901, 14.65184], [-17.430895, 14.651835], [-17.430892, 14.651826], [-17.430892, 14.651823], [-17.430892, 14.65182], [-17.430889, 14.651814], [-17.430889, 14.651811], [-17.430883, 14.6518], [-17.430883, 14.651797], [-17.430877, 14.651791], [-17.430871, 14.65178], [-17.430868, 14.651771], [-17.430862, 14.651765], [-17.430859, 14.651759], [-17.430865, 14.65173], [-17.430865, 14.651728], [-17.430865, 14.651725], [-17.430865, 14.651722], [-17.430865, 14.651719], [-17.430865, 14.651716], [-17.430862, 14.651716], [-17.430859, 14.651713], [-17.430859, 14.65171], [-17.430859, 14.651707], [-17.430859, 14.651704], [-17.430859, 14.651702], [-17.430773, 14.651553], [-17.430769, 14.651544], [-17.430717, 14.651291], [-17.430641, 14.651159], [-17.430591, 14.651075], [-17.430454, 14.651064], [-17.430368, 14.65109], [-17.430256, 14.651055], [-17.430218, 14.650958], [-17.430205, 14.650898], [-17.430253, 14.650765], [-17.430312, 14.650559], [-17.430311, 14.650427], [-17.430322, 14.65027], [-17.430357, 14.650149], [-17.430394, 14.650064], [-17.430441, 14.649907], [-17.430503, 14.649834], [-17.430721, 14.649446], [-17.430879, 14.649191], [-17.430952, 14.649033], [-17.431037, 14.648839], [-17.431109, 14.648694], [-17.431108, 14.648597], [-17.431157, 14.648549], [-17.431231, 14.648512], [-17.431218, 14.648427], [-17.431204, 14.648319], [-17.431278, 14.648234], [-17.431377, 14.648281], [-17.431427, 14.648256], [-17.431586, 14.648122], [-17.431696, 14.647964], [-17.43178, 14.64771], [-17.431854, 14.647661], [-17.431828, 14.647577], [-17.431815, 14.647505], [-17.431888, 14.647371], [-17.431936, 14.647262], [-17.431935, 14.647214], [-17.43191, 14.64713], [-17.431921, 14.647021], [-17.431981, 14.6469], [-17.432129, 14.646814], [-17.432264, 14.646728], [-17.432315, 14.646776], [-17.432414, 14.646823], [-17.43255, 14.646749], [-17.43266, 14.646676], [-17.432758, 14.646566], [-17.432757, 14.646494], [-17.432819, 14.646433], [-17.43293, 14.646432], [-17.433054, 14.64643], [-17.433141, 14.646454], [-17.433068, 14.646551], [-17.432932, 14.646637], [-17.432685, 14.646712], [-17.43255, 14.646834], [-17.432378, 14.64692], [-17.432478, 14.646991], [-17.432625, 14.646869], [-17.43281, 14.646819], [-17.432959, 14.646769], [-17.433021, 14.646841], [-17.432813, 14.647036], [-17.432715, 14.647158], [-17.432864, 14.647204], [-17.433062, 14.64713], [-17.433283, 14.646995], [-17.433419, 14.646981], [-17.433568, 14.646992], [-17.433718, 14.647123], [-17.433694, 14.64722], [-17.433559, 14.647281], [-17.433474, 14.647415], [-17.433475, 14.647511], [-17.433562, 14.647559], [-17.433673, 14.647485], [-17.433783, 14.647376], [-17.433944, 14.64741], [-17.43408, 14.647397], [-17.434192, 14.647432], [-17.43428, 14.647575], [-17.434307, 14.647696], [-17.434357, 14.64778], [-17.434334, 14.647912], [-17.434211, 14.64801], [-17.434038, 14.648096], [-17.433915, 14.648122], [-17.433804, 14.648183], [-17.433842, 14.648243], [-17.433892, 14.648315], [-17.434016, 14.648266], [-17.434139, 14.648216], [-17.434263, 14.648227], [-17.434424, 14.648249], [-17.434572, 14.648211], [-17.434648, 14.648283], [-17.434649, 14.648379], [-17.434538, 14.648441], [-17.434527, 14.648586], [-17.434429, 14.648695], [-17.434319, 14.648817], [-17.434345, 14.648901], [-17.434456, 14.648852], [-17.434591, 14.648802], [-17.434677, 14.648693], [-17.434813, 14.648715], [-17.434815, 14.64886], [-17.434718, 14.64903], [-17.434646, 14.649236], [-17.434611, 14.649429], [-17.434451, 14.649563], [-17.434352, 14.649607], [-17.434365, 14.649643], [-17.43444, 14.649666], [-17.434527, 14.649665], [-17.434662, 14.649628], [-17.434762, 14.649687], [-17.434615, 14.649785], [-17.434517, 14.649906], [-17.434443, 14.649992], [-17.434531, 14.650063], [-17.434654, 14.650001], [-17.434814, 14.649903], [-17.435037, 14.649877], [-17.435111, 14.649912], [-17.435051, 14.650021], [-17.435089, 14.650142], [-17.434979, 14.650275], [-17.434856, 14.650325], [-17.434833, 14.65047], [-17.43487, 14.650482], [-17.434957, 14.650493], [-17.434983, 14.650577], [-17.434872, 14.65065], [-17.434923, 14.650819], [-17.435014, 14.651204], [-17.435053, 14.651382], [-17.435093, 14.651565], [-17.43522, 14.651853], [-17.43547, 14.652079], [-17.435647, 14.652391], [-17.436248, 14.653603], [-17.436768, 14.654622], [-17.437107, 14.655029], [-17.437446, 14.655435], [-17.437908, 14.655792], [-17.438494, 14.656196], [-17.438632, 14.656291], [-17.438941, 14.656252], [-17.439216, 14.656466], [-17.439466, 14.656668], [-17.439852, 14.656821], [-17.440463, 14.657249], [-17.440727, 14.657572], [-17.441038, 14.657725], [-17.441326, 14.657976], [-17.441479, 14.658221], [-17.441456, 14.658402], [-17.441507, 14.65851], [-17.441643, 14.658545], [-17.441793, 14.658604], [-17.441799, 14.658608], [-17.441943, 14.658711], [-17.44208, 14.658794], [-17.442217, 14.658841], [-17.442948, 14.659312], [-17.443483, 14.659786], [-17.443738, 14.660112], [-17.443836, 14.66059], [-17.443731, 14.661077], [-17.443544, 14.661438], [-17.443197, 14.661735], [-17.443193, 14.661938], [-17.443134, 14.662191], [-17.4432, 14.662561], [-17.442975, 14.662827], [-17.442831, 14.663116], [-17.442804, 14.663452], [-17.442857, 14.663804], [-17.442989, 14.664078], [-17.442996, 14.664123], [-17.442997, 14.664251], [-17.443083, 14.664498], [-17.44308, 14.664741], [-17.44308, 14.664795], [-17.443079, 14.664823], [-17.443079, 14.664852], [-17.443077, 14.665042], [-17.443154, 14.665492], [-17.443304, 14.665681], [-17.443366, 14.665889], [-17.443513, 14.666269], [-17.44361, 14.666453], [-17.443725, 14.666625], [-17.444002, 14.666998], [-17.444122, 14.667107], [-17.444236, 14.667198], [-17.444249, 14.667213], [-17.444326, 14.667301], [-17.444356, 14.667359], [-17.444354, 14.667372], [-17.444392, 14.667432], [-17.444578, 14.667568], [-17.444649, 14.66764], [-17.444838, 14.667634], [-17.445003, 14.6676], [-17.44514, 14.667603], [-17.445277, 14.667671], [-17.445364, 14.66778], [-17.445477, 14.667793], [-17.445558, 14.667874], [-17.44563, 14.667975], [-17.445712, 14.668139], [-17.445718, 14.668227], [-17.445821, 14.668216], [-17.445897, 14.668216], [-17.445931, 14.668325], [-17.445966, 14.668468], [-17.445977, 14.668628], [-17.445909, 14.668845], [-17.44593, 14.669028], [-17.445983, 14.669124], [-17.446038, 14.669185], [-17.446101, 14.669254], [-17.446204, 14.669328], [-17.446312, 14.669455], [-17.446395, 14.669643], [-17.446389, 14.669648], [-17.446468, 14.66974], [-17.446587, 14.669969], [-17.446596, 14.670076], [-17.446657, 14.670213], [-17.446751, 14.670336], [-17.446822, 14.670405], [-17.447015, 14.670581], [-17.447004, 14.670593], [-17.447045, 14.670616], [-17.447294, 14.670889], [-17.447463, 14.671103], [-17.4476, 14.671213], [-17.447917, 14.671584], [-17.448103, 14.671714], [-17.44845, 14.671872], [-17.448921, 14.67216], [-17.449164, 14.672402], [-17.449219, 14.672457], [-17.449257, 14.672522], [-17.449331, 14.672569], [-17.449424, 14.67264], [-17.449579, 14.672752], [-17.449691, 14.672847], [-17.449877, 14.672935], [-17.449935, 14.672939], [-17.450025, 14.672945], [-17.450075, 14.672936], [-17.450067, 14.673026], [-17.450029, 14.673407], [-17.449906, 14.673671], [-17.449129, 14.674339], [-17.449079, 14.674381], [-17.44743, 14.675789], [-17.447421, 14.675796], [-17.447416, 14.6758], [-17.445777, 14.677255], [-17.445773, 14.677259], [-17.443128, 14.679636], [-17.44309, 14.67967], [-17.443086, 14.679673], [-17.441079, 14.681423], [-17.440586, 14.681823], [-17.439969, 14.682313], [-17.439733, 14.6825], [-17.439417, 14.682782], [-17.438494, 14.6836], [-17.438231, 14.683884], [-17.437838, 14.684464], [-17.437792, 14.684553], [-17.437638, 14.684851], [-17.434115, 14.683586], [-17.434134, 14.683756], [-17.433968, 14.683785], [-17.432737, 14.684026], [-17.432621, 14.684357], [-17.431829, 14.686627], [-17.430876, 14.68635]]]}, "properties": {"commune": "PLATEAU", "key": "PLATEAU", "population": 34713.0}}]}